[
  {
    "model": "water.station",
    "pk": 1,
    "fields": {
      "descriptive_location": "first station"
    }
  },
  {
    "model": "water.stationstate",
    "pk": 1,
    "fields": {
      "steering_state": "LM",
      "station": 1,
      "manual_steering_user": null,
      "timestamp": "2020-02-24T02:27:52.546Z"
    }
  },
  {
    "model": "water.stationstate",
    "pk": 2,
    "fields": {
      "steering_state": "LM",
      "station": 1,
      "manual_steering_user": null,
      "timestamp": "2020-02-24T02:28:15.135Z"
    }
  },
  {
    "model": "water.stationstate",
    "pk": 3,
    "fields": {
      "steering_state": "LM",
      "station": 1,
      "manual_steering_user": null,
      "timestamp": "2020-02-24T02:28:19.703Z"
    }
  },
  {
    "model": "water.stationstate",
    "pk": 4,
    "fields": {
      "steering_state": "LM",
      "station": 1,
      "manual_steering_user": null,
      "timestamp": "2020-02-24T02:28:24.001Z"
    }
  },
  {
    "model": "water.stationstate",
    "pk": 5,
    "fields": {
      "steering_state": "LM",
      "station": 1,
      "manual_steering_user": null,
      "timestamp": "2020-02-24T02:28:25.980Z"
    }
  },
  {
    "model": "water.stationstate",
    "pk": 6,
    "fields": {
      "steering_state": "LM",
      "station": 1,
      "manual_steering_user": null,
      "timestamp": "2020-02-24T02:28:26.203Z"
    }
  },
  {
    "model": "water.stationstate",
    "pk": 7,
    "fields": {
      "steering_state": "LM",
      "station": 1,
      "manual_steering_user": null,
      "timestamp": "2020-02-24T02:28:30.570Z"
    }
  },
  {
    "model": "water.stationstate",
    "pk": 8,
    "fields": {
      "steering_state": "LM",
      "station": 1,
      "manual_steering_user": null,
      "timestamp": "2020-02-24T02:28:33.551Z"
    }
  },
  {
    "model": "water.stationstate",
    "pk": 9,
    "fields": {
      "steering_state": "LM",
      "station": 1,
      "manual_steering_user": null,
      "timestamp": "2020-02-24T02:28:36.446Z"
    }
  },
  {
    "model": "water.stationstate",
    "pk": 10,
    "fields": {
      "steering_state": "LM",
      "station": 1,
      "manual_steering_user": null,
      "timestamp": "2020-02-24T02:28:40.160Z"
    }
  },
  {
    "model": "water.stationstate",
    "pk": 11,
    "fields": {
      "steering_state": "AU",
      "station": 1,
      "manual_steering_user": null,
      "timestamp": "2020-02-24T02:28:47.246Z"
    }
  },
  {
    "model": "water.stationstate",
    "pk": 12,
    "fields": {
      "steering_state": "AU",
      "station": 1,
      "manual_steering_user": null,
      "timestamp": "2020-02-24T02:28:47.981Z"
    }
  },
  {
    "model": "water.stationstate",
    "pk": 13,
    "fields": {
      "steering_state": "AU",
      "station": 1,
      "manual_steering_user": null,
      "timestamp": "2020-02-24T02:28:52.720Z"
    }
  },
  {
    "model": "water.stationstate",
    "pk": 14,
    "fields": {
      "steering_state": "AU",
      "station": 1,
      "manual_steering_user": null,
      "timestamp": "2020-02-24T02:28:58.317Z"
    }
  },
  {
    "model": "water.stationstate",
    "pk": 15,
    "fields": {
      "steering_state": "AU",
      "station": 1,
      "manual_steering_user": null,
      "timestamp": "2020-02-24T02:35:11.370Z"
    }
  },
  {
    "model": "water.stationstate",
    "pk": 16,
    "fields": {
      "steering_state": "AU",
      "station": 1,
      "manual_steering_user": null,
      "timestamp": "2020-02-24T02:35:23.629Z"
    }
  },
  {
    "model": "water.stationstate",
    "pk": 17,
    "fields": {
      "steering_state": "AU",
      "station": 1,
      "manual_steering_user": null,
      "timestamp": "2020-02-24T02:35:24.116Z"
    }
  },
  {
    "model": "water.stationstate",
    "pk": 18,
    "fields": {
      "steering_state": "AU",
      "station": 1,
      "manual_steering_user": null,
      "timestamp": "2020-02-24T02:35:24.504Z"
    }
  },
  {
    "model": "water.stationstate",
    "pk": 19,
    "fields": {
      "steering_state": "AU",
      "station": 1,
      "manual_steering_user": null,
      "timestamp": "2020-02-24T02:35:24.941Z"
    }
  },
  {
    "model": "water.stationstate",
    "pk": 20,
    "fields": {
      "steering_state": "AU",
      "station": 1,
      "manual_steering_user": null,
      "timestamp": "2020-02-24T02:35:25.327Z"
    }
  },
  {
    "model": "water.stationstate",
    "pk": 21,
    "fields": {
      "steering_state": "AU",
      "station": 1,
      "manual_steering_user": null,
      "timestamp": "2020-02-24T02:35:25.837Z"
    }
  },
  {
    "model": "water.stationstate",
    "pk": 22,
    "fields": {
      "steering_state": "AU",
      "station": 1,
      "manual_steering_user": null,
      "timestamp": "2020-02-24T02:35:26.123Z"
    }
  },
  {
    "model": "water.stationstate",
    "pk": 23,
    "fields": {
      "steering_state": "AU",
      "station": 1,
      "manual_steering_user": null,
      "timestamp": "2020-02-24T02:35:26.528Z"
    }
  },
  {
    "model": "water.stationstate",
    "pk": 24,
    "fields": {
      "steering_state": "AU",
      "station": 1,
      "manual_steering_user": null,
      "timestamp": "2020-02-24T02:35:26.906Z"
    }
  },
  {
    "model": "water.stationstate",
    "pk": 25,
    "fields": {
      "steering_state": "AU",
      "station": 1,
      "manual_steering_user": null,
      "timestamp": "2020-02-24T02:35:27.282Z"
    }
  },
  {
    "model": "water.stationstate",
    "pk": 26,
    "fields": {
      "steering_state": "AU",
      "station": 1,
      "manual_steering_user": null,
      "timestamp": "2020-02-24T02:35:27.686Z"
    }
  },
  {
    "model": "water.stationstate",
    "pk": 27,
    "fields": {
      "steering_state": "AU",
      "station": 1,
      "manual_steering_user": null,
      "timestamp": "2020-02-24T02:35:28.088Z"
    }
  },
  {
    "model": "water.stationstate",
    "pk": 28,
    "fields": {
      "steering_state": "AU",
      "station": 1,
      "manual_steering_user": null,
      "timestamp": "2020-02-24T02:35:28.432Z"
    }
  },
  {
    "model": "water.stationstate",
    "pk": 29,
    "fields": {
      "steering_state": "AU",
      "station": 1,
      "manual_steering_user": null,
      "timestamp": "2020-02-24T02:35:28.857Z"
    }
  },
  {
    "model": "water.stationstate",
    "pk": 30,
    "fields": {
      "steering_state": "AU",
      "station": 1,
      "manual_steering_user": null,
      "timestamp": "2020-02-24T02:35:29.208Z"
    }
  },
  {
    "model": "water.stationstate",
    "pk": 31,
    "fields": {
      "steering_state": "AU",
      "station": 1,
      "manual_steering_user": null,
      "timestamp": "2020-02-24T02:35:29.505Z"
    }
  },
  {
    "model": "water.stationstate",
    "pk": 32,
    "fields": {
      "steering_state": "AU",
      "station": 1,
      "manual_steering_user": null,
      "timestamp": "2020-02-24T02:35:29.821Z"
    }
  },
  {
    "model": "water.stationstate",
    "pk": 33,
    "fields": {
      "steering_state": "AU",
      "station": 1,
      "manual_steering_user": null,
      "timestamp": "2020-02-24T02:35:30.100Z"
    }
  },
  {
    "model": "water.stationstate",
    "pk": 34,
    "fields": {
      "steering_state": "AU",
      "station": 1,
      "manual_steering_user": null,
      "timestamp": "2020-02-24T02:35:30.405Z"
    }
  },
  {
    "model": "water.stationstate",
    "pk": 35,
    "fields": {
      "steering_state": "AU",
      "station": 1,
      "manual_steering_user": null,
      "timestamp": "2020-02-24T02:35:30.670Z"
    }
  },
  {
    "model": "water.stationstate",
    "pk": 36,
    "fields": {
      "steering_state": "AU",
      "station": 1,
      "manual_steering_user": null,
      "timestamp": "2020-02-24T02:35:30.983Z"
    }
  },
  {
    "model": "water.stationstate",
    "pk": 37,
    "fields": {
      "steering_state": "AU",
      "station": 1,
      "manual_steering_user": null,
      "timestamp": "2020-02-24T02:35:31.266Z"
    }
  },
  {
    "model": "water.stationstate",
    "pk": 38,
    "fields": {
      "steering_state": "AU",
      "station": 1,
      "manual_steering_user": null,
      "timestamp": "2020-02-24T02:35:31.567Z"
    }
  },
  {
    "model": "water.stationstate",
    "pk": 39,
    "fields": {
      "steering_state": "AU",
      "station": 1,
      "manual_steering_user": null,
      "timestamp": "2020-02-24T02:35:31.837Z"
    }
  },
  {
    "model": "water.stationstate",
    "pk": 40,
    "fields": {
      "steering_state": "AU",
      "station": 1,
      "manual_steering_user": null,
      "timestamp": "2020-02-24T02:35:32.084Z"
    }
  },
  {
    "model": "water.stationstate",
    "pk": 41,
    "fields": {
      "steering_state": "AU",
      "station": 1,
      "manual_steering_user": null,
      "timestamp": "2020-02-24T02:35:32.366Z"
    }
  },
  {
    "model": "water.stationstate",
    "pk": 42,
    "fields": {
      "steering_state": "AU",
      "station": 1,
      "manual_steering_user": null,
      "timestamp": "2020-02-24T02:35:32.633Z"
    }
  },
  {
    "model": "water.stationstate",
    "pk": 43,
    "fields": {
      "steering_state": "AU",
      "station": 1,
      "manual_steering_user": null,
      "timestamp": "2020-02-24T02:35:32.900Z"
    }
  },
  {
    "model": "water.stationstate",
    "pk": 44,
    "fields": {
      "steering_state": "AU",
      "station": 1,
      "manual_steering_user": null,
      "timestamp": "2020-02-24T02:35:33.186Z"
    }
  },
  {
    "model": "water.stationstate",
    "pk": 45,
    "fields": {
      "steering_state": "AU",
      "station": 1,
      "manual_steering_user": null,
      "timestamp": "2020-02-24T02:35:33.449Z"
    }
  },
  {
    "model": "water.stationstate",
    "pk": 46,
    "fields": {
      "steering_state": "AU",
      "station": 1,
      "manual_steering_user": null,
      "timestamp": "2020-02-24T02:35:33.735Z"
    }
  },
  {
    "model": "water.stationstate",
    "pk": 47,
    "fields": {
      "steering_state": "AU",
      "station": 1,
      "manual_steering_user": null,
      "timestamp": "2020-02-24T02:35:34.590Z"
    }
  },
  {
    "model": "water.stationstate",
    "pk": 48,
    "fields": {
      "steering_state": "AU",
      "station": 1,
      "manual_steering_user": null,
      "timestamp": "2020-02-24T02:35:35.243Z"
    }
  },
  {
    "model": "water.stationstate",
    "pk": 49,
    "fields": {
      "steering_state": "AU",
      "station": 1,
      "manual_steering_user": null,
      "timestamp": "2020-02-24T02:35:35.582Z"
    }
  },
  {
    "model": "water.stationstate",
    "pk": 50,
    "fields": {
      "steering_state": "AU",
      "station": 1,
      "manual_steering_user": null,
      "timestamp": "2020-02-24T02:35:35.873Z"
    }
  },
  {
    "model": "water.stationstate",
    "pk": 51,
    "fields": {
      "steering_state": "RM",
      "station": 1,
      "manual_steering_user": null,
      "timestamp": "2020-02-24T02:35:42.034Z"
    }
  },
  {
    "model": "water.stationstate",
    "pk": 52,
    "fields": {
      "steering_state": "RM",
      "station": 1,
      "manual_steering_user": null,
      "timestamp": "2020-02-24T02:35:42.421Z"
    }
  },
  {
    "model": "water.stationstate",
    "pk": 53,
    "fields": {
      "steering_state": "RM",
      "station": 1,
      "manual_steering_user": null,
      "timestamp": "2020-02-24T02:35:44.972Z"
    }
  },
  {
    "model": "water.stationstate",
    "pk": 54,
    "fields": {
      "steering_state": "RM",
      "station": 1,
      "manual_steering_user": null,
      "timestamp": "2020-02-24T02:35:45.295Z"
    }
  },
  {
    "model": "water.stationstate",
    "pk": 55,
    "fields": {
      "steering_state": "RM",
      "station": 1,
      "manual_steering_user": null,
      "timestamp": "2020-02-24T02:35:45.724Z"
    }
  },
  {
    "model": "water.stationstate",
    "pk": 56,
    "fields": {
      "steering_state": "RM",
      "station": 1,
      "manual_steering_user": null,
      "timestamp": "2020-02-24T02:35:46.156Z"
    }
  },
  {
    "model": "water.stationstate",
    "pk": 57,
    "fields": {
      "steering_state": "RM",
      "station": 1,
      "manual_steering_user": null,
      "timestamp": "2020-02-24T02:35:46.619Z"
    }
  },
  {
    "model": "water.stationstate",
    "pk": 58,
    "fields": {
      "steering_state": "RM",
      "station": 1,
      "manual_steering_user": null,
      "timestamp": "2020-02-24T02:35:47.089Z"
    }
  },
  {
    "model": "water.stationstate",
    "pk": 59,
    "fields": {
      "steering_state": "RM",
      "station": 1,
      "manual_steering_user": null,
      "timestamp": "2020-02-24T02:35:47.607Z"
    }
  },
  {
    "model": "water.stationstate",
    "pk": 60,
    "fields": {
      "steering_state": "RM",
      "station": 1,
      "manual_steering_user": null,
      "timestamp": "2020-02-24T02:35:48.280Z"
    }
  },
  {
    "model": "water.stationstate",
    "pk": 61,
    "fields": {
      "steering_state": "RM",
      "station": 1,
      "manual_steering_user": null,
      "timestamp": "2020-02-24T02:35:49.238Z"
    }
  },
  {
    "model": "water.stationstate",
    "pk": 62,
    "fields": {
      "steering_state": "LM",
      "station": 1,
      "manual_steering_user": null,
      "timestamp": "2020-02-24T02:35:54.746Z"
    }
  },
  {
    "model": "water.stationstate",
    "pk": 63,
    "fields": {
      "steering_state": "LM",
      "station": 1,
      "manual_steering_user": null,
      "timestamp": "2020-02-24T02:35:55.106Z"
    }
  },
  {
    "model": "water.stationstate",
    "pk": 64,
    "fields": {
      "steering_state": "LM",
      "station": 1,
      "manual_steering_user": null,
      "timestamp": "2020-02-24T02:35:55.546Z"
    }
  },
  {
    "model": "water.stationstate",
    "pk": 65,
    "fields": {
      "steering_state": "LM",
      "station": 1,
      "manual_steering_user": null,
      "timestamp": "2020-02-24T02:35:55.923Z"
    }
  },
  {
    "model": "water.stationstate",
    "pk": 66,
    "fields": {
      "steering_state": "LM",
      "station": 1,
      "manual_steering_user": null,
      "timestamp": "2020-02-24T02:35:56.303Z"
    }
  },
  {
    "model": "water.stationstate",
    "pk": 67,
    "fields": {
      "steering_state": "LM",
      "station": 1,
      "manual_steering_user": null,
      "timestamp": "2020-02-24T02:35:56.684Z"
    }
  },
  {
    "model": "water.stationstate",
    "pk": 68,
    "fields": {
      "steering_state": "LM",
      "station": 1,
      "manual_steering_user": null,
      "timestamp": "2020-02-24T02:35:57.074Z"
    }
  },
  {
    "model": "water.stationstate",
    "pk": 69,
    "fields": {
      "steering_state": "LM",
      "station": 1,
      "manual_steering_user": null,
      "timestamp": "2020-02-24T02:35:57.470Z"
    }
  },
  {
    "model": "water.stationstate",
    "pk": 70,
    "fields": {
      "steering_state": "LM",
      "station": 1,
      "manual_steering_user": null,
      "timestamp": "2020-02-24T02:35:57.937Z"
    }
  },
  {
    "model": "water.stationstate",
    "pk": 71,
    "fields": {
      "steering_state": "AU",
      "station": 1,
      "manual_steering_user": null,
      "timestamp": "2020-02-24T02:36:02.170Z"
    }
  },
  {
    "model": "water.stationstate",
    "pk": 72,
    "fields": {
      "steering_state": "AU",
      "station": 1,
      "manual_steering_user": null,
      "timestamp": "2020-02-24T02:36:02.516Z"
    }
  },
  {
    "model": "water.stationstate",
    "pk": 73,
    "fields": {
      "steering_state": "AU",
      "station": 1,
      "manual_steering_user": null,
      "timestamp": "2020-02-24T02:36:03.035Z"
    }
  },
  {
    "model": "water.stationstate",
    "pk": 74,
    "fields": {
      "steering_state": "AU",
      "station": 1,
      "manual_steering_user": null,
      "timestamp": "2020-02-24T02:36:03.322Z"
    }
  },
  {
    "model": "water.stationstate",
    "pk": 75,
    "fields": {
      "steering_state": "AU",
      "station": 1,
      "manual_steering_user": null,
      "timestamp": "2020-02-24T02:36:03.866Z"
    }
  },
  {
    "model": "water.stationstate",
    "pk": 76,
    "fields": {
      "steering_state": "AU",
      "station": 1,
      "manual_steering_user": null,
      "timestamp": "2020-02-24T02:36:04.156Z"
    }
  },
  {
    "model": "water.stationstate",
    "pk": 77,
    "fields": {
      "steering_state": "AU",
      "station": 1,
      "manual_steering_user": null,
      "timestamp": "2020-02-24T02:36:04.509Z"
    }
  },
  {
    "model": "water.stationstate",
    "pk": 78,
    "fields": {
      "steering_state": "AU",
      "station": 1,
      "manual_steering_user": null,
      "timestamp": "2020-02-24T02:36:04.877Z"
    }
  },
  {
    "model": "water.stationstate",
    "pk": 79,
    "fields": {
      "steering_state": "AU",
      "station": 1,
      "manual_steering_user": null,
      "timestamp": "2020-02-24T02:36:05.280Z"
    }
  },
  {
    "model": "water.stationstate",
    "pk": 80,
    "fields": {
      "steering_state": "AU",
      "station": 1,
      "manual_steering_user": null,
      "timestamp": "2020-02-24T02:36:05.656Z"
    }
  },
  {
    "model": "water.stationstate",
    "pk": 81,
    "fields": {
      "steering_state": "AU",
      "station": 1,
      "manual_steering_user": null,
      "timestamp": "2020-02-24T02:36:06.049Z"
    }
  },
  {
    "model": "water.stationstate",
    "pk": 82,
    "fields": {
      "steering_state": "AU",
      "station": 1,
      "manual_steering_user": null,
      "timestamp": "2020-02-24T02:36:06.434Z"
    }
  },
  {
    "model": "water.stationstate",
    "pk": 83,
    "fields": {
      "steering_state": "AU",
      "station": 1,
      "manual_steering_user": null,
      "timestamp": "2020-02-24T02:36:06.953Z"
    }
  },
  {
    "model": "water.stationstate",
    "pk": 84,
    "fields": {
      "steering_state": "AU",
      "station": 1,
      "manual_steering_user": null,
      "timestamp": "2020-02-24T02:36:08.017Z"
    }
  },
  {
    "model": "water.stationstate",
    "pk": 85,
    "fields": {
      "steering_state": "AU",
      "station": 1,
      "manual_steering_user": null,
      "timestamp": "2020-02-24T02:36:08.237Z"
    }
  },
  {
    "model": "water.stationstate",
    "pk": 86,
    "fields": {
      "steering_state": "AU",
      "station": 1,
      "manual_steering_user": null,
      "timestamp": "2020-02-24T02:36:08.998Z"
    }
  },
  {
    "model": "water.stationstate",
    "pk": 87,
    "fields": {
      "steering_state": "AU",
      "station": 1,
      "manual_steering_user": null,
      "timestamp": "2020-02-24T02:36:09.505Z"
    }
  },
  {
    "model": "water.container",
    "pk": 1,
    "fields": {
      "station": 1,
      "container_id": 1
    }
  },
  {
    "model": "water.container",
    "pk": 2,
    "fields": {
      "station": 1,
      "container_id": 2
    }
  },
  {
    "model": "water.container",
    "pk": 3,
    "fields": {
      "station": 1,
      "container_id": 3
    }
  },
  {
    "model": "water.container",
    "pk": 4,
    "fields": {
      "station": 1,
      "container_id": 4
    }
  },
  {
    "model": "water.container",
    "pk": 5,
    "fields": {
      "station": 1,
      "container_id": 5
    }
  },
  {
    "model": "water.containerstate",
    "pk": 1,
    "fields": {
      "container": 1,
      "container_state": 20,
      "station_state": 1
    }
  },
  {
    "model": "water.containerstate",
    "pk": 2,
    "fields": {
      "container": 2,
      "container_state": 80,
      "station_state": 1
    }
  },
  {
    "model": "water.containerstate",
    "pk": 3,
    "fields": {
      "container": 1,
      "container_state": 20,
      "station_state": 2
    }
  },
  {
    "model": "water.containerstate",
    "pk": 4,
    "fields": {
      "container": 2,
      "container_state": 80,
      "station_state": 2
    }
  },
  {
    "model": "water.containerstate",
    "pk": 5,
    "fields": {
      "container": 1,
      "container_state": 20,
      "station_state": 3
    }
  },
  {
    "model": "water.containerstate",
    "pk": 6,
    "fields": {
      "container": 2,
      "container_state": 80,
      "station_state": 3
    }
  },
  {
    "model": "water.containerstate",
    "pk": 7,
    "fields": {
      "container": 1,
      "container_state": 20,
      "station_state": 4
    }
  },
  {
    "model": "water.containerstate",
    "pk": 8,
    "fields": {
      "container": 2,
      "container_state": 80,
      "station_state": 4
    }
  },
  {
    "model": "water.containerstate",
    "pk": 9,
    "fields": {
      "container": 1,
      "container_state": 20,
      "station_state": 5
    }
  },
  {
    "model": "water.containerstate",
    "pk": 10,
    "fields": {
      "container": 2,
      "container_state": 80,
      "station_state": 5
    }
  },
  {
    "model": "water.containerstate",
    "pk": 11,
    "fields": {
      "container": 1,
      "container_state": 20,
      "station_state": 6
    }
  },
  {
    "model": "water.containerstate",
    "pk": 12,
    "fields": {
      "container": 2,
      "container_state": 80,
      "station_state": 6
    }
  },
  {
    "model": "water.containerstate",
    "pk": 13,
    "fields": {
      "container": 1,
      "container_state": 20,
      "station_state": 7
    }
  },
  {
    "model": "water.containerstate",
    "pk": 14,
    "fields": {
      "container": 2,
      "container_state": 80,
      "station_state": 7
    }
  },
  {
    "model": "water.containerstate",
    "pk": 15,
    "fields": {
      "container": 1,
      "container_state": 20,
      "station_state": 8
    }
  },
  {
    "model": "water.containerstate",
    "pk": 16,
    "fields": {
      "container": 2,
      "container_state": 80,
      "station_state": 8
    }
  },
  {
    "model": "water.containerstate",
    "pk": 17,
    "fields": {
      "container": 1,
      "container_state": 20,
      "station_state": 9
    }
  },
  {
    "model": "water.containerstate",
    "pk": 18,
    "fields": {
      "container": 2,
      "container_state": 80,
      "station_state": 9
    }
  },
  {
    "model": "water.containerstate",
    "pk": 19,
    "fields": {
      "container": 1,
      "container_state": 20,
      "station_state": 10
    }
  },
  {
    "model": "water.containerstate",
    "pk": 20,
    "fields": {
      "container": 2,
      "container_state": 80,
      "station_state": 10
    }
  },
  {
    "model": "water.containerstate",
    "pk": 21,
    "fields": {
      "container": 1,
      "container_state": 20,
      "station_state": 11
    }
  },
  {
    "model": "water.containerstate",
    "pk": 22,
    "fields": {
      "container": 2,
      "container_state": 80,
      "station_state": 11
    }
  },
  {
    "model": "water.containerstate",
    "pk": 23,
    "fields": {
      "container": 1,
      "container_state": 20,
      "station_state": 12
    }
  },
  {
    "model": "water.containerstate",
    "pk": 24,
    "fields": {
      "container": 2,
      "container_state": 80,
      "station_state": 12
    }
  },
  {
    "model": "water.containerstate",
    "pk": 25,
    "fields": {
      "container": 1,
      "container_state": 20,
      "station_state": 13
    }
  },
  {
    "model": "water.containerstate",
    "pk": 26,
    "fields": {
      "container": 2,
      "container_state": 80,
      "station_state": 13
    }
  },
  {
    "model": "water.containerstate",
    "pk": 27,
    "fields": {
      "container": 1,
      "container_state": 20,
      "station_state": 14
    }
  },
  {
    "model": "water.containerstate",
    "pk": 28,
    "fields": {
      "container": 2,
      "container_state": 80,
      "station_state": 14
    }
  },
  {
    "model": "water.containerstate",
    "pk": 29,
    "fields": {
      "container": 1,
      "container_state": 20,
      "station_state": 15
    }
  },
  {
    "model": "water.containerstate",
    "pk": 30,
    "fields": {
      "container": 2,
      "container_state": 80,
      "station_state": 15
    }
  },
  {
    "model": "water.containerstate",
    "pk": 31,
    "fields": {
      "container": 1,
      "container_state": 20,
      "station_state": 16
    }
  },
  {
    "model": "water.containerstate",
    "pk": 32,
    "fields": {
      "container": 2,
      "container_state": 80,
      "station_state": 16
    }
  },
  {
    "model": "water.containerstate",
    "pk": 33,
    "fields": {
      "container": 1,
      "container_state": 20,
      "station_state": 17
    }
  },
  {
    "model": "water.containerstate",
    "pk": 34,
    "fields": {
      "container": 2,
      "container_state": 80,
      "station_state": 17
    }
  },
  {
    "model": "water.containerstate",
    "pk": 35,
    "fields": {
      "container": 1,
      "container_state": 20,
      "station_state": 18
    }
  },
  {
    "model": "water.containerstate",
    "pk": 36,
    "fields": {
      "container": 2,
      "container_state": 80,
      "station_state": 18
    }
  },
  {
    "model": "water.containerstate",
    "pk": 37,
    "fields": {
      "container": 1,
      "container_state": 20,
      "station_state": 19
    }
  },
  {
    "model": "water.containerstate",
    "pk": 38,
    "fields": {
      "container": 2,
      "container_state": 80,
      "station_state": 19
    }
  },
  {
    "model": "water.containerstate",
    "pk": 39,
    "fields": {
      "container": 1,
      "container_state": 20,
      "station_state": 20
    }
  },
  {
    "model": "water.containerstate",
    "pk": 40,
    "fields": {
      "container": 2,
      "container_state": 80,
      "station_state": 20
    }
  },
  {
    "model": "water.containerstate",
    "pk": 41,
    "fields": {
      "container": 1,
      "container_state": 20,
      "station_state": 21
    }
  },
  {
    "model": "water.containerstate",
    "pk": 42,
    "fields": {
      "container": 2,
      "container_state": 80,
      "station_state": 21
    }
  },
  {
    "model": "water.containerstate",
    "pk": 43,
    "fields": {
      "container": 1,
      "container_state": 20,
      "station_state": 22
    }
  },
  {
    "model": "water.containerstate",
    "pk": 44,
    "fields": {
      "container": 2,
      "container_state": 80,
      "station_state": 22
    }
  },
  {
    "model": "water.containerstate",
    "pk": 45,
    "fields": {
      "container": 1,
      "container_state": 20,
      "station_state": 23
    }
  },
  {
    "model": "water.containerstate",
    "pk": 46,
    "fields": {
      "container": 2,
      "container_state": 80,
      "station_state": 23
    }
  },
  {
    "model": "water.containerstate",
    "pk": 47,
    "fields": {
      "container": 1,
      "container_state": 20,
      "station_state": 24
    }
  },
  {
    "model": "water.containerstate",
    "pk": 48,
    "fields": {
      "container": 2,
      "container_state": 80,
      "station_state": 24
    }
  },
  {
    "model": "water.containerstate",
    "pk": 49,
    "fields": {
      "container": 1,
      "container_state": 20,
      "station_state": 25
    }
  },
  {
    "model": "water.containerstate",
    "pk": 50,
    "fields": {
      "container": 2,
      "container_state": 80,
      "station_state": 25
    }
  },
  {
    "model": "water.containerstate",
    "pk": 51,
    "fields": {
      "container": 1,
      "container_state": 20,
      "station_state": 26
    }
  },
  {
    "model": "water.containerstate",
    "pk": 52,
    "fields": {
      "container": 2,
      "container_state": 80,
      "station_state": 26
    }
  },
  {
    "model": "water.containerstate",
    "pk": 53,
    "fields": {
      "container": 1,
      "container_state": 20,
      "station_state": 27
    }
  },
  {
    "model": "water.containerstate",
    "pk": 54,
    "fields": {
      "container": 2,
      "container_state": 80,
      "station_state": 27
    }
  },
  {
    "model": "water.containerstate",
    "pk": 55,
    "fields": {
      "container": 1,
      "container_state": 20,
      "station_state": 28
    }
  },
  {
    "model": "water.containerstate",
    "pk": 56,
    "fields": {
      "container": 2,
      "container_state": 80,
      "station_state": 28
    }
  },
  {
    "model": "water.containerstate",
    "pk": 57,
    "fields": {
      "container": 1,
      "container_state": 20,
      "station_state": 29
    }
  },
  {
    "model": "water.containerstate",
    "pk": 58,
    "fields": {
      "container": 2,
      "container_state": 80,
      "station_state": 29
    }
  },
  {
    "model": "water.containerstate",
    "pk": 59,
    "fields": {
      "container": 1,
      "container_state": 20,
      "station_state": 30
    }
  },
  {
    "model": "water.containerstate",
    "pk": 60,
    "fields": {
      "container": 2,
      "container_state": 80,
      "station_state": 30
    }
  },
  {
    "model": "water.containerstate",
    "pk": 61,
    "fields": {
      "container": 1,
      "container_state": 20,
      "station_state": 31
    }
  },
  {
    "model": "water.containerstate",
    "pk": 62,
    "fields": {
      "container": 2,
      "container_state": 80,
      "station_state": 31
    }
  },
  {
    "model": "water.containerstate",
    "pk": 63,
    "fields": {
      "container": 1,
      "container_state": 20,
      "station_state": 32
    }
  },
  {
    "model": "water.containerstate",
    "pk": 64,
    "fields": {
      "container": 2,
      "container_state": 80,
      "station_state": 32
    }
  },
  {
    "model": "water.containerstate",
    "pk": 65,
    "fields": {
      "container": 1,
      "container_state": 20,
      "station_state": 33
    }
  },
  {
    "model": "water.containerstate",
    "pk": 66,
    "fields": {
      "container": 2,
      "container_state": 80,
      "station_state": 33
    }
  },
  {
    "model": "water.containerstate",
    "pk": 67,
    "fields": {
      "container": 1,
      "container_state": 20,
      "station_state": 34
    }
  },
  {
    "model": "water.containerstate",
    "pk": 68,
    "fields": {
      "container": 2,
      "container_state": 80,
      "station_state": 34
    }
  },
  {
    "model": "water.containerstate",
    "pk": 69,
    "fields": {
      "container": 1,
      "container_state": 20,
      "station_state": 35
    }
  },
  {
    "model": "water.containerstate",
    "pk": 70,
    "fields": {
      "container": 2,
      "container_state": 80,
      "station_state": 35
    }
  },
  {
    "model": "water.containerstate",
    "pk": 71,
    "fields": {
      "container": 1,
      "container_state": 20,
      "station_state": 36
    }
  },
  {
    "model": "water.containerstate",
    "pk": 72,
    "fields": {
      "container": 2,
      "container_state": 80,
      "station_state": 36
    }
  },
  {
    "model": "water.containerstate",
    "pk": 73,
    "fields": {
      "container": 1,
      "container_state": 20,
      "station_state": 37
    }
  },
  {
    "model": "water.containerstate",
    "pk": 74,
    "fields": {
      "container": 2,
      "container_state": 80,
      "station_state": 37
    }
  },
  {
    "model": "water.containerstate",
    "pk": 75,
    "fields": {
      "container": 1,
      "container_state": 20,
      "station_state": 38
    }
  },
  {
    "model": "water.containerstate",
    "pk": 76,
    "fields": {
      "container": 2,
      "container_state": 80,
      "station_state": 38
    }
  },
  {
    "model": "water.containerstate",
    "pk": 77,
    "fields": {
      "container": 1,
      "container_state": 20,
      "station_state": 39
    }
  },
  {
    "model": "water.containerstate",
    "pk": 78,
    "fields": {
      "container": 2,
      "container_state": 80,
      "station_state": 39
    }
  },
  {
    "model": "water.containerstate",
    "pk": 79,
    "fields": {
      "container": 1,
      "container_state": 20,
      "station_state": 40
    }
  },
  {
    "model": "water.containerstate",
    "pk": 80,
    "fields": {
      "container": 2,
      "container_state": 80,
      "station_state": 40
    }
  },
  {
    "model": "water.containerstate",
    "pk": 81,
    "fields": {
      "container": 1,
      "container_state": 20,
      "station_state": 41
    }
  },
  {
    "model": "water.containerstate",
    "pk": 82,
    "fields": {
      "container": 2,
      "container_state": 80,
      "station_state": 41
    }
  },
  {
    "model": "water.containerstate",
    "pk": 83,
    "fields": {
      "container": 1,
      "container_state": 20,
      "station_state": 42
    }
  },
  {
    "model": "water.containerstate",
    "pk": 84,
    "fields": {
      "container": 2,
      "container_state": 80,
      "station_state": 42
    }
  },
  {
    "model": "water.containerstate",
    "pk": 85,
    "fields": {
      "container": 1,
      "container_state": 20,
      "station_state": 43
    }
  },
  {
    "model": "water.containerstate",
    "pk": 86,
    "fields": {
      "container": 2,
      "container_state": 80,
      "station_state": 43
    }
  },
  {
    "model": "water.containerstate",
    "pk": 87,
    "fields": {
      "container": 1,
      "container_state": 20,
      "station_state": 44
    }
  },
  {
    "model": "water.containerstate",
    "pk": 88,
    "fields": {
      "container": 2,
      "container_state": 80,
      "station_state": 44
    }
  },
  {
    "model": "water.containerstate",
    "pk": 89,
    "fields": {
      "container": 1,
      "container_state": 20,
      "station_state": 45
    }
  },
  {
    "model": "water.containerstate",
    "pk": 90,
    "fields": {
      "container": 2,
      "container_state": 80,
      "station_state": 45
    }
  },
  {
    "model": "water.containerstate",
    "pk": 91,
    "fields": {
      "container": 1,
      "container_state": 20,
      "station_state": 46
    }
  },
  {
    "model": "water.containerstate",
    "pk": 92,
    "fields": {
      "container": 2,
      "container_state": 80,
      "station_state": 46
    }
  },
  {
    "model": "water.containerstate",
    "pk": 93,
    "fields": {
      "container": 1,
      "container_state": 20,
      "station_state": 47
    }
  },
  {
    "model": "water.containerstate",
    "pk": 94,
    "fields": {
      "container": 2,
      "container_state": 80,
      "station_state": 47
    }
  },
  {
    "model": "water.containerstate",
    "pk": 95,
    "fields": {
      "container": 1,
      "container_state": 20,
      "station_state": 48
    }
  },
  {
    "model": "water.containerstate",
    "pk": 96,
    "fields": {
      "container": 2,
      "container_state": 80,
      "station_state": 48
    }
  },
  {
    "model": "water.containerstate",
    "pk": 97,
    "fields": {
      "container": 1,
      "container_state": 20,
      "station_state": 49
    }
  },
  {
    "model": "water.containerstate",
    "pk": 98,
    "fields": {
      "container": 2,
      "container_state": 80,
      "station_state": 49
    }
  },
  {
    "model": "water.containerstate",
    "pk": 99,
    "fields": {
      "container": 1,
      "container_state": 20,
      "station_state": 50
    }
  },
  {
    "model": "water.containerstate",
    "pk": 100,
    "fields": {
      "container": 2,
      "container_state": 80,
      "station_state": 50
    }
  },
  {
    "model": "water.containerstate",
    "pk": 101,
    "fields": {
      "container": 1,
      "container_state": 20,
      "station_state": 51
    }
  },
  {
    "model": "water.containerstate",
    "pk": 102,
    "fields": {
      "container": 2,
      "container_state": 80,
      "station_state": 51
    }
  },
  {
    "model": "water.containerstate",
    "pk": 103,
    "fields": {
      "container": 1,
      "container_state": 20,
      "station_state": 52
    }
  },
  {
    "model": "water.containerstate",
    "pk": 104,
    "fields": {
      "container": 2,
      "container_state": 80,
      "station_state": 52
    }
  },
  {
    "model": "water.containerstate",
    "pk": 105,
    "fields": {
      "container": 1,
      "container_state": 20,
      "station_state": 53
    }
  },
  {
    "model": "water.containerstate",
    "pk": 106,
    "fields": {
      "container": 2,
      "container_state": 80,
      "station_state": 53
    }
  },
  {
    "model": "water.containerstate",
    "pk": 107,
    "fields": {
      "container": 1,
      "container_state": 20,
      "station_state": 54
    }
  },
  {
    "model": "water.containerstate",
    "pk": 108,
    "fields": {
      "container": 2,
      "container_state": 80,
      "station_state": 54
    }
  },
  {
    "model": "water.containerstate",
    "pk": 109,
    "fields": {
      "container": 1,
      "container_state": 20,
      "station_state": 55
    }
  },
  {
    "model": "water.containerstate",
    "pk": 110,
    "fields": {
      "container": 2,
      "container_state": 80,
      "station_state": 55
    }
  },
  {
    "model": "water.containerstate",
    "pk": 111,
    "fields": {
      "container": 1,
      "container_state": 20,
      "station_state": 56
    }
  },
  {
    "model": "water.containerstate",
    "pk": 112,
    "fields": {
      "container": 2,
      "container_state": 80,
      "station_state": 56
    }
  },
  {
    "model": "water.containerstate",
    "pk": 113,
    "fields": {
      "container": 1,
      "container_state": 20,
      "station_state": 57
    }
  },
  {
    "model": "water.containerstate",
    "pk": 114,
    "fields": {
      "container": 2,
      "container_state": 80,
      "station_state": 57
    }
  },
  {
    "model": "water.containerstate",
    "pk": 115,
    "fields": {
      "container": 1,
      "container_state": 20,
      "station_state": 58
    }
  },
  {
    "model": "water.containerstate",
    "pk": 116,
    "fields": {
      "container": 2,
      "container_state": 80,
      "station_state": 58
    }
  },
  {
    "model": "water.containerstate",
    "pk": 117,
    "fields": {
      "container": 1,
      "container_state": 20,
      "station_state": 59
    }
  },
  {
    "model": "water.containerstate",
    "pk": 118,
    "fields": {
      "container": 2,
      "container_state": 80,
      "station_state": 59
    }
  },
  {
    "model": "water.containerstate",
    "pk": 119,
    "fields": {
      "container": 1,
      "container_state": 20,
      "station_state": 60
    }
  },
  {
    "model": "water.containerstate",
    "pk": 120,
    "fields": {
      "container": 2,
      "container_state": 80,
      "station_state": 60
    }
  },
  {
    "model": "water.containerstate",
    "pk": 121,
    "fields": {
      "container": 1,
      "container_state": 20,
      "station_state": 61
    }
  },
  {
    "model": "water.containerstate",
    "pk": 122,
    "fields": {
      "container": 2,
      "container_state": 80,
      "station_state": 61
    }
  },
  {
    "model": "water.containerstate",
    "pk": 123,
    "fields": {
      "container": 1,
      "container_state": 20,
      "station_state": 62
    }
  },
  {
    "model": "water.containerstate",
    "pk": 124,
    "fields": {
      "container": 2,
      "container_state": 80,
      "station_state": 62
    }
  },
  {
    "model": "water.containerstate",
    "pk": 125,
    "fields": {
      "container": 1,
      "container_state": 20,
      "station_state": 63
    }
  },
  {
    "model": "water.containerstate",
    "pk": 126,
    "fields": {
      "container": 2,
      "container_state": 80,
      "station_state": 63
    }
  },
  {
    "model": "water.containerstate",
    "pk": 127,
    "fields": {
      "container": 1,
      "container_state": 20,
      "station_state": 64
    }
  },
  {
    "model": "water.containerstate",
    "pk": 128,
    "fields": {
      "container": 2,
      "container_state": 80,
      "station_state": 64
    }
  },
  {
    "model": "water.containerstate",
    "pk": 129,
    "fields": {
      "container": 1,
      "container_state": 20,
      "station_state": 65
    }
  },
  {
    "model": "water.containerstate",
    "pk": 130,
    "fields": {
      "container": 2,
      "container_state": 80,
      "station_state": 65
    }
  },
  {
    "model": "water.containerstate",
    "pk": 131,
    "fields": {
      "container": 1,
      "container_state": 20,
      "station_state": 66
    }
  },
  {
    "model": "water.containerstate",
    "pk": 132,
    "fields": {
      "container": 2,
      "container_state": 80,
      "station_state": 66
    }
  },
  {
    "model": "water.containerstate",
    "pk": 133,
    "fields": {
      "container": 1,
      "container_state": 20,
      "station_state": 67
    }
  },
  {
    "model": "water.containerstate",
    "pk": 134,
    "fields": {
      "container": 2,
      "container_state": 80,
      "station_state": 67
    }
  },
  {
    "model": "water.containerstate",
    "pk": 135,
    "fields": {
      "container": 1,
      "container_state": 20,
      "station_state": 68
    }
  },
  {
    "model": "water.containerstate",
    "pk": 136,
    "fields": {
      "container": 2,
      "container_state": 80,
      "station_state": 68
    }
  },
  {
    "model": "water.containerstate",
    "pk": 137,
    "fields": {
      "container": 1,
      "container_state": 20,
      "station_state": 69
    }
  },
  {
    "model": "water.containerstate",
    "pk": 138,
    "fields": {
      "container": 2,
      "container_state": 80,
      "station_state": 69
    }
  },
  {
    "model": "water.containerstate",
    "pk": 139,
    "fields": {
      "container": 1,
      "container_state": 20,
      "station_state": 70
    }
  },
  {
    "model": "water.containerstate",
    "pk": 140,
    "fields": {
      "container": 2,
      "container_state": 80,
      "station_state": 70
    }
  },
  {
    "model": "water.containerstate",
    "pk": 141,
    "fields": {
      "container": 1,
      "container_state": 20,
      "station_state": 71
    }
  },
  {
    "model": "water.containerstate",
    "pk": 142,
    "fields": {
      "container": 2,
      "container_state": 80,
      "station_state": 71
    }
  },
  {
    "model": "water.containerstate",
    "pk": 143,
    "fields": {
      "container": 1,
      "container_state": 20,
      "station_state": 72
    }
  },
  {
    "model": "water.containerstate",
    "pk": 144,
    "fields": {
      "container": 2,
      "container_state": 80,
      "station_state": 72
    }
  },
  {
    "model": "water.containerstate",
    "pk": 145,
    "fields": {
      "container": 1,
      "container_state": 20,
      "station_state": 73
    }
  },
  {
    "model": "water.containerstate",
    "pk": 146,
    "fields": {
      "container": 2,
      "container_state": 80,
      "station_state": 73
    }
  },
  {
    "model": "water.containerstate",
    "pk": 147,
    "fields": {
      "container": 1,
      "container_state": 20,
      "station_state": 74
    }
  },
  {
    "model": "water.containerstate",
    "pk": 148,
    "fields": {
      "container": 2,
      "container_state": 80,
      "station_state": 74
    }
  },
  {
    "model": "water.containerstate",
    "pk": 149,
    "fields": {
      "container": 1,
      "container_state": 20,
      "station_state": 75
    }
  },
  {
    "model": "water.containerstate",
    "pk": 150,
    "fields": {
      "container": 2,
      "container_state": 80,
      "station_state": 75
    }
  },
  {
    "model": "water.containerstate",
    "pk": 151,
    "fields": {
      "container": 1,
      "container_state": 20,
      "station_state": 76
    }
  },
  {
    "model": "water.containerstate",
    "pk": 152,
    "fields": {
      "container": 2,
      "container_state": 80,
      "station_state": 76
    }
  },
  {
    "model": "water.containerstate",
    "pk": 153,
    "fields": {
      "container": 1,
      "container_state": 20,
      "station_state": 77
    }
  },
  {
    "model": "water.containerstate",
    "pk": 154,
    "fields": {
      "container": 2,
      "container_state": 80,
      "station_state": 77
    }
  },
  {
    "model": "water.containerstate",
    "pk": 155,
    "fields": {
      "container": 1,
      "container_state": 20,
      "station_state": 78
    }
  },
  {
    "model": "water.containerstate",
    "pk": 156,
    "fields": {
      "container": 2,
      "container_state": 80,
      "station_state": 78
    }
  },
  {
    "model": "water.containerstate",
    "pk": 157,
    "fields": {
      "container": 1,
      "container_state": 20,
      "station_state": 79
    }
  },
  {
    "model": "water.containerstate",
    "pk": 158,
    "fields": {
      "container": 2,
      "container_state": 80,
      "station_state": 79
    }
  },
  {
    "model": "water.containerstate",
    "pk": 159,
    "fields": {
      "container": 1,
      "container_state": 20,
      "station_state": 80
    }
  },
  {
    "model": "water.containerstate",
    "pk": 160,
    "fields": {
      "container": 2,
      "container_state": 80,
      "station_state": 80
    }
  },
  {
    "model": "water.containerstate",
    "pk": 161,
    "fields": {
      "container": 1,
      "container_state": 20,
      "station_state": 81
    }
  },
  {
    "model": "water.containerstate",
    "pk": 162,
    "fields": {
      "container": 2,
      "container_state": 80,
      "station_state": 81
    }
  },
  {
    "model": "water.containerstate",
    "pk": 163,
    "fields": {
      "container": 1,
      "container_state": 20,
      "station_state": 82
    }
  },
  {
    "model": "water.containerstate",
    "pk": 164,
    "fields": {
      "container": 2,
      "container_state": 80,
      "station_state": 82
    }
  },
  {
    "model": "water.containerstate",
    "pk": 165,
    "fields": {
      "container": 1,
      "container_state": 20,
      "station_state": 83
    }
  },
  {
    "model": "water.containerstate",
    "pk": 166,
    "fields": {
      "container": 2,
      "container_state": 80,
      "station_state": 83
    }
  },
  {
    "model": "water.containerstate",
    "pk": 167,
    "fields": {
      "container": 1,
      "container_state": 20,
      "station_state": 84
    }
  },
  {
    "model": "water.containerstate",
    "pk": 168,
    "fields": {
      "container": 2,
      "container_state": 80,
      "station_state": 84
    }
  },
  {
    "model": "water.containerstate",
    "pk": 169,
    "fields": {
      "container": 1,
      "container_state": 20,
      "station_state": 85
    }
  },
  {
    "model": "water.containerstate",
    "pk": 170,
    "fields": {
      "container": 2,
      "container_state": 80,
      "station_state": 85
    }
  },
  {
    "model": "water.containerstate",
    "pk": 171,
    "fields": {
      "container": 1,
      "container_state": 20,
      "station_state": 86
    }
  },
  {
    "model": "water.containerstate",
    "pk": 172,
    "fields": {
      "container": 2,
      "container_state": 80,
      "station_state": 86
    }
  },
  {
    "model": "water.containerstate",
    "pk": 173,
    "fields": {
      "container": 1,
      "container_state": 20,
      "station_state": 87
    }
  },
  {
    "model": "water.containerstate",
    "pk": 174,
    "fields": {
      "container": 2,
      "container_state": 80,
      "station_state": 87
    }
  },
  {
    "model": "water.valve",
    "pk": 1,
    "fields": {
      "station": 1,
      "valve_id": 1
    }
  },
  {
    "model": "water.valve",
    "pk": 2,
    "fields": {
      "station": 1,
      "valve_id": 2
    }
  },
  {
    "model": "water.valve",
    "pk": 3,
    "fields": {
      "station": 1,
      "valve_id": 3
    }
  },
  {
    "model": "water.valvestate",
    "pk": 1,
    "fields": {
      "valve": 1,
      "valve_open": true,
      "station_state": 1
    }
  },
  {
    "model": "water.valvestate",
    "pk": 2,
    "fields": {
      "valve": 2,
      "valve_open": true,
      "station_state": 1
    }
  },
  {
    "model": "water.valvestate",
    "pk": 3,
    "fields": {
      "valve": 1,
      "valve_open": true,
      "station_state": 2
    }
  },
  {
    "model": "water.valvestate",
    "pk": 4,
    "fields": {
      "valve": 2,
      "valve_open": true,
      "station_state": 2
    }
  },
  {
    "model": "water.valvestate",
    "pk": 5,
    "fields": {
      "valve": 1,
      "valve_open": true,
      "station_state": 3
    }
  },
  {
    "model": "water.valvestate",
    "pk": 6,
    "fields": {
      "valve": 2,
      "valve_open": true,
      "station_state": 3
    }
  },
  {
    "model": "water.valvestate",
    "pk": 7,
    "fields": {
      "valve": 1,
      "valve_open": true,
      "station_state": 4
    }
  },
  {
    "model": "water.valvestate",
    "pk": 8,
    "fields": {
      "valve": 2,
      "valve_open": true,
      "station_state": 4
    }
  },
  {
    "model": "water.valvestate",
    "pk": 9,
    "fields": {
      "valve": 1,
      "valve_open": true,
      "station_state": 5
    }
  },
  {
    "model": "water.valvestate",
    "pk": 10,
    "fields": {
      "valve": 2,
      "valve_open": true,
      "station_state": 5
    }
  },
  {
    "model": "water.valvestate",
    "pk": 11,
    "fields": {
      "valve": 1,
      "valve_open": true,
      "station_state": 6
    }
  },
  {
    "model": "water.valvestate",
    "pk": 12,
    "fields": {
      "valve": 2,
      "valve_open": true,
      "station_state": 6
    }
  },
  {
    "model": "water.valvestate",
    "pk": 13,
    "fields": {
      "valve": 1,
      "valve_open": true,
      "station_state": 7
    }
  },
  {
    "model": "water.valvestate",
    "pk": 14,
    "fields": {
      "valve": 2,
      "valve_open": true,
      "station_state": 7
    }
  },
  {
    "model": "water.valvestate",
    "pk": 15,
    "fields": {
      "valve": 1,
      "valve_open": true,
      "station_state": 8
    }
  },
  {
    "model": "water.valvestate",
    "pk": 16,
    "fields": {
      "valve": 2,
      "valve_open": true,
      "station_state": 8
    }
  },
  {
    "model": "water.valvestate",
    "pk": 17,
    "fields": {
      "valve": 1,
      "valve_open": true,
      "station_state": 9
    }
  },
  {
    "model": "water.valvestate",
    "pk": 18,
    "fields": {
      "valve": 2,
      "valve_open": true,
      "station_state": 9
    }
  },
  {
    "model": "water.valvestate",
    "pk": 19,
    "fields": {
      "valve": 1,
      "valve_open": true,
      "station_state": 10
    }
  },
  {
    "model": "water.valvestate",
    "pk": 20,
    "fields": {
      "valve": 2,
      "valve_open": true,
      "station_state": 10
    }
  },
  {
    "model": "water.valvestate",
    "pk": 21,
    "fields": {
      "valve": 1,
      "valve_open": true,
      "station_state": 11
    }
  },
  {
    "model": "water.valvestate",
    "pk": 22,
    "fields": {
      "valve": 2,
      "valve_open": true,
      "station_state": 11
    }
  },
  {
    "model": "water.valvestate",
    "pk": 23,
    "fields": {
      "valve": 1,
      "valve_open": true,
      "station_state": 12
    }
  },
  {
    "model": "water.valvestate",
    "pk": 24,
    "fields": {
      "valve": 2,
      "valve_open": true,
      "station_state": 12
    }
  },
  {
    "model": "water.valvestate",
    "pk": 25,
    "fields": {
      "valve": 1,
      "valve_open": true,
      "station_state": 13
    }
  },
  {
    "model": "water.valvestate",
    "pk": 26,
    "fields": {
      "valve": 2,
      "valve_open": true,
      "station_state": 13
    }
  },
  {
    "model": "water.valvestate",
    "pk": 27,
    "fields": {
      "valve": 1,
      "valve_open": true,
      "station_state": 14
    }
  },
  {
    "model": "water.valvestate",
    "pk": 28,
    "fields": {
      "valve": 2,
      "valve_open": true,
      "station_state": 14
    }
  },
  {
    "model": "water.valvestate",
    "pk": 29,
    "fields": {
      "valve": 1,
      "valve_open": true,
      "station_state": 15
    }
  },
  {
    "model": "water.valvestate",
    "pk": 30,
    "fields": {
      "valve": 2,
      "valve_open": true,
      "station_state": 15
    }
  },
  {
    "model": "water.valvestate",
    "pk": 31,
    "fields": {
      "valve": 1,
      "valve_open": true,
      "station_state": 16
    }
  },
  {
    "model": "water.valvestate",
    "pk": 32,
    "fields": {
      "valve": 2,
      "valve_open": true,
      "station_state": 16
    }
  },
  {
    "model": "water.valvestate",
    "pk": 33,
    "fields": {
      "valve": 1,
      "valve_open": true,
      "station_state": 17
    }
  },
  {
    "model": "water.valvestate",
    "pk": 34,
    "fields": {
      "valve": 2,
      "valve_open": true,
      "station_state": 17
    }
  },
  {
    "model": "water.valvestate",
    "pk": 35,
    "fields": {
      "valve": 1,
      "valve_open": true,
      "station_state": 18
    }
  },
  {
    "model": "water.valvestate",
    "pk": 36,
    "fields": {
      "valve": 2,
      "valve_open": true,
      "station_state": 18
    }
  },
  {
    "model": "water.valvestate",
    "pk": 37,
    "fields": {
      "valve": 1,
      "valve_open": true,
      "station_state": 19
    }
  },
  {
    "model": "water.valvestate",
    "pk": 38,
    "fields": {
      "valve": 2,
      "valve_open": true,
      "station_state": 19
    }
  },
  {
    "model": "water.valvestate",
    "pk": 39,
    "fields": {
      "valve": 1,
      "valve_open": true,
      "station_state": 20
    }
  },
  {
    "model": "water.valvestate",
    "pk": 40,
    "fields": {
      "valve": 2,
      "valve_open": true,
      "station_state": 20
    }
  },
  {
    "model": "water.valvestate",
    "pk": 41,
    "fields": {
      "valve": 1,
      "valve_open": true,
      "station_state": 21
    }
  },
  {
    "model": "water.valvestate",
    "pk": 42,
    "fields": {
      "valve": 2,
      "valve_open": true,
      "station_state": 21
    }
  },
  {
    "model": "water.valvestate",
    "pk": 43,
    "fields": {
      "valve": 1,
      "valve_open": true,
      "station_state": 22
    }
  },
  {
    "model": "water.valvestate",
    "pk": 44,
    "fields": {
      "valve": 2,
      "valve_open": true,
      "station_state": 22
    }
  },
  {
    "model": "water.valvestate",
    "pk": 45,
    "fields": {
      "valve": 1,
      "valve_open": true,
      "station_state": 23
    }
  },
  {
    "model": "water.valvestate",
    "pk": 46,
    "fields": {
      "valve": 2,
      "valve_open": true,
      "station_state": 23
    }
  },
  {
    "model": "water.valvestate",
    "pk": 47,
    "fields": {
      "valve": 1,
      "valve_open": true,
      "station_state": 24
    }
  },
  {
    "model": "water.valvestate",
    "pk": 48,
    "fields": {
      "valve": 2,
      "valve_open": true,
      "station_state": 24
    }
  },
  {
    "model": "water.valvestate",
    "pk": 49,
    "fields": {
      "valve": 1,
      "valve_open": true,
      "station_state": 25
    }
  },
  {
    "model": "water.valvestate",
    "pk": 50,
    "fields": {
      "valve": 2,
      "valve_open": true,
      "station_state": 25
    }
  },
  {
    "model": "water.valvestate",
    "pk": 51,
    "fields": {
      "valve": 1,
      "valve_open": true,
      "station_state": 26
    }
  },
  {
    "model": "water.valvestate",
    "pk": 52,
    "fields": {
      "valve": 2,
      "valve_open": true,
      "station_state": 26
    }
  },
  {
    "model": "water.valvestate",
    "pk": 53,
    "fields": {
      "valve": 1,
      "valve_open": true,
      "station_state": 27
    }
  },
  {
    "model": "water.valvestate",
    "pk": 54,
    "fields": {
      "valve": 2,
      "valve_open": true,
      "station_state": 27
    }
  },
  {
    "model": "water.valvestate",
    "pk": 55,
    "fields": {
      "valve": 1,
      "valve_open": true,
      "station_state": 28
    }
  },
  {
    "model": "water.valvestate",
    "pk": 56,
    "fields": {
      "valve": 2,
      "valve_open": true,
      "station_state": 28
    }
  },
  {
    "model": "water.valvestate",
    "pk": 57,
    "fields": {
      "valve": 1,
      "valve_open": true,
      "station_state": 29
    }
  },
  {
    "model": "water.valvestate",
    "pk": 58,
    "fields": {
      "valve": 2,
      "valve_open": true,
      "station_state": 29
    }
  },
  {
    "model": "water.valvestate",
    "pk": 59,
    "fields": {
      "valve": 1,
      "valve_open": true,
      "station_state": 30
    }
  },
  {
    "model": "water.valvestate",
    "pk": 60,
    "fields": {
      "valve": 2,
      "valve_open": true,
      "station_state": 30
    }
  },
  {
    "model": "water.valvestate",
    "pk": 61,
    "fields": {
      "valve": 1,
      "valve_open": true,
      "station_state": 31
    }
  },
  {
    "model": "water.valvestate",
    "pk": 62,
    "fields": {
      "valve": 2,
      "valve_open": true,
      "station_state": 31
    }
  },
  {
    "model": "water.valvestate",
    "pk": 63,
    "fields": {
      "valve": 1,
      "valve_open": true,
      "station_state": 32
    }
  },
  {
    "model": "water.valvestate",
    "pk": 64,
    "fields": {
      "valve": 2,
      "valve_open": true,
      "station_state": 32
    }
  },
  {
    "model": "water.valvestate",
    "pk": 65,
    "fields": {
      "valve": 1,
      "valve_open": true,
      "station_state": 33
    }
  },
  {
    "model": "water.valvestate",
    "pk": 66,
    "fields": {
      "valve": 2,
      "valve_open": true,
      "station_state": 33
    }
  },
  {
    "model": "water.valvestate",
    "pk": 67,
    "fields": {
      "valve": 1,
      "valve_open": true,
      "station_state": 34
    }
  },
  {
    "model": "water.valvestate",
    "pk": 68,
    "fields": {
      "valve": 2,
      "valve_open": true,
      "station_state": 34
    }
  },
  {
    "model": "water.valvestate",
    "pk": 69,
    "fields": {
      "valve": 1,
      "valve_open": true,
      "station_state": 35
    }
  },
  {
    "model": "water.valvestate",
    "pk": 70,
    "fields": {
      "valve": 2,
      "valve_open": true,
      "station_state": 35
    }
  },
  {
    "model": "water.valvestate",
    "pk": 71,
    "fields": {
      "valve": 1,
      "valve_open": true,
      "station_state": 36
    }
  },
  {
    "model": "water.valvestate",
    "pk": 72,
    "fields": {
      "valve": 2,
      "valve_open": true,
      "station_state": 36
    }
  },
  {
    "model": "water.valvestate",
    "pk": 73,
    "fields": {
      "valve": 1,
      "valve_open": true,
      "station_state": 37
    }
  },
  {
    "model": "water.valvestate",
    "pk": 74,
    "fields": {
      "valve": 2,
      "valve_open": true,
      "station_state": 37
    }
  },
  {
    "model": "water.valvestate",
    "pk": 75,
    "fields": {
      "valve": 1,
      "valve_open": true,
      "station_state": 38
    }
  },
  {
    "model": "water.valvestate",
    "pk": 76,
    "fields": {
      "valve": 2,
      "valve_open": true,
      "station_state": 38
    }
  },
  {
    "model": "water.valvestate",
    "pk": 77,
    "fields": {
      "valve": 1,
      "valve_open": true,
      "station_state": 39
    }
  },
  {
    "model": "water.valvestate",
    "pk": 78,
    "fields": {
      "valve": 2,
      "valve_open": true,
      "station_state": 39
    }
  },
  {
    "model": "water.valvestate",
    "pk": 79,
    "fields": {
      "valve": 1,
      "valve_open": true,
      "station_state": 40
    }
  },
  {
    "model": "water.valvestate",
    "pk": 80,
    "fields": {
      "valve": 2,
      "valve_open": true,
      "station_state": 40
    }
  },
  {
    "model": "water.valvestate",
    "pk": 81,
    "fields": {
      "valve": 1,
      "valve_open": true,
      "station_state": 41
    }
  },
  {
    "model": "water.valvestate",
    "pk": 82,
    "fields": {
      "valve": 2,
      "valve_open": true,
      "station_state": 41
    }
  },
  {
    "model": "water.valvestate",
    "pk": 83,
    "fields": {
      "valve": 1,
      "valve_open": true,
      "station_state": 42
    }
  },
  {
    "model": "water.valvestate",
    "pk": 84,
    "fields": {
      "valve": 2,
      "valve_open": true,
      "station_state": 42
    }
  },
  {
    "model": "water.valvestate",
    "pk": 85,
    "fields": {
      "valve": 1,
      "valve_open": true,
      "station_state": 43
    }
  },
  {
    "model": "water.valvestate",
    "pk": 86,
    "fields": {
      "valve": 2,
      "valve_open": true,
      "station_state": 43
    }
  },
  {
    "model": "water.valvestate",
    "pk": 87,
    "fields": {
      "valve": 1,
      "valve_open": true,
      "station_state": 44
    }
  },
  {
    "model": "water.valvestate",
    "pk": 88,
    "fields": {
      "valve": 2,
      "valve_open": true,
      "station_state": 44
    }
  },
  {
    "model": "water.valvestate",
    "pk": 89,
    "fields": {
      "valve": 1,
      "valve_open": true,
      "station_state": 45
    }
  },
  {
    "model": "water.valvestate",
    "pk": 90,
    "fields": {
      "valve": 2,
      "valve_open": true,
      "station_state": 45
    }
  },
  {
    "model": "water.valvestate",
    "pk": 91,
    "fields": {
      "valve": 1,
      "valve_open": true,
      "station_state": 46
    }
  },
  {
    "model": "water.valvestate",
    "pk": 92,
    "fields": {
      "valve": 2,
      "valve_open": true,
      "station_state": 46
    }
  },
  {
    "model": "water.valvestate",
    "pk": 93,
    "fields": {
      "valve": 1,
      "valve_open": true,
      "station_state": 47
    }
  },
  {
    "model": "water.valvestate",
    "pk": 94,
    "fields": {
      "valve": 2,
      "valve_open": true,
      "station_state": 47
    }
  },
  {
    "model": "water.valvestate",
    "pk": 95,
    "fields": {
      "valve": 1,
      "valve_open": true,
      "station_state": 48
    }
  },
  {
    "model": "water.valvestate",
    "pk": 96,
    "fields": {
      "valve": 2,
      "valve_open": true,
      "station_state": 48
    }
  },
  {
    "model": "water.valvestate",
    "pk": 97,
    "fields": {
      "valve": 1,
      "valve_open": true,
      "station_state": 49
    }
  },
  {
    "model": "water.valvestate",
    "pk": 98,
    "fields": {
      "valve": 2,
      "valve_open": true,
      "station_state": 49
    }
  },
  {
    "model": "water.valvestate",
    "pk": 99,
    "fields": {
      "valve": 1,
      "valve_open": true,
      "station_state": 50
    }
  },
  {
    "model": "water.valvestate",
    "pk": 100,
    "fields": {
      "valve": 2,
      "valve_open": true,
      "station_state": 50
    }
  },
  {
    "model": "water.valvestate",
    "pk": 101,
    "fields": {
      "valve": 1,
      "valve_open": true,
      "station_state": 51
    }
  },
  {
    "model": "water.valvestate",
    "pk": 102,
    "fields": {
      "valve": 2,
      "valve_open": true,
      "station_state": 51
    }
  },
  {
    "model": "water.valvestate",
    "pk": 103,
    "fields": {
      "valve": 1,
      "valve_open": true,
      "station_state": 52
    }
  },
  {
    "model": "water.valvestate",
    "pk": 104,
    "fields": {
      "valve": 2,
      "valve_open": true,
      "station_state": 52
    }
  },
  {
    "model": "water.valvestate",
    "pk": 105,
    "fields": {
      "valve": 1,
      "valve_open": true,
      "station_state": 53
    }
  },
  {
    "model": "water.valvestate",
    "pk": 106,
    "fields": {
      "valve": 2,
      "valve_open": true,
      "station_state": 53
    }
  },
  {
    "model": "water.valvestate",
    "pk": 107,
    "fields": {
      "valve": 1,
      "valve_open": true,
      "station_state": 54
    }
  },
  {
    "model": "water.valvestate",
    "pk": 108,
    "fields": {
      "valve": 2,
      "valve_open": true,
      "station_state": 54
    }
  },
  {
    "model": "water.valvestate",
    "pk": 109,
    "fields": {
      "valve": 1,
      "valve_open": true,
      "station_state": 55
    }
  },
  {
    "model": "water.valvestate",
    "pk": 110,
    "fields": {
      "valve": 2,
      "valve_open": true,
      "station_state": 55
    }
  },
  {
    "model": "water.valvestate",
    "pk": 111,
    "fields": {
      "valve": 1,
      "valve_open": true,
      "station_state": 56
    }
  },
  {
    "model": "water.valvestate",
    "pk": 112,
    "fields": {
      "valve": 2,
      "valve_open": true,
      "station_state": 56
    }
  },
  {
    "model": "water.valvestate",
    "pk": 113,
    "fields": {
      "valve": 1,
      "valve_open": true,
      "station_state": 57
    }
  },
  {
    "model": "water.valvestate",
    "pk": 114,
    "fields": {
      "valve": 2,
      "valve_open": true,
      "station_state": 57
    }
  },
  {
    "model": "water.valvestate",
    "pk": 115,
    "fields": {
      "valve": 1,
      "valve_open": true,
      "station_state": 58
    }
  },
  {
    "model": "water.valvestate",
    "pk": 116,
    "fields": {
      "valve": 2,
      "valve_open": true,
      "station_state": 58
    }
  },
  {
    "model": "water.valvestate",
    "pk": 117,
    "fields": {
      "valve": 1,
      "valve_open": true,
      "station_state": 59
    }
  },
  {
    "model": "water.valvestate",
    "pk": 118,
    "fields": {
      "valve": 2,
      "valve_open": true,
      "station_state": 59
    }
  },
  {
    "model": "water.valvestate",
    "pk": 119,
    "fields": {
      "valve": 1,
      "valve_open": true,
      "station_state": 60
    }
  },
  {
    "model": "water.valvestate",
    "pk": 120,
    "fields": {
      "valve": 2,
      "valve_open": true,
      "station_state": 60
    }
  },
  {
    "model": "water.valvestate",
    "pk": 121,
    "fields": {
      "valve": 1,
      "valve_open": true,
      "station_state": 61
    }
  },
  {
    "model": "water.valvestate",
    "pk": 122,
    "fields": {
      "valve": 2,
      "valve_open": true,
      "station_state": 61
    }
  },
  {
    "model": "water.valvestate",
    "pk": 123,
    "fields": {
      "valve": 1,
      "valve_open": true,
      "station_state": 62
    }
  },
  {
    "model": "water.valvestate",
    "pk": 124,
    "fields": {
      "valve": 2,
      "valve_open": true,
      "station_state": 62
    }
  },
  {
    "model": "water.valvestate",
    "pk": 125,
    "fields": {
      "valve": 1,
      "valve_open": true,
      "station_state": 63
    }
  },
  {
    "model": "water.valvestate",
    "pk": 126,
    "fields": {
      "valve": 2,
      "valve_open": true,
      "station_state": 63
    }
  },
  {
    "model": "water.valvestate",
    "pk": 127,
    "fields": {
      "valve": 1,
      "valve_open": true,
      "station_state": 64
    }
  },
  {
    "model": "water.valvestate",
    "pk": 128,
    "fields": {
      "valve": 2,
      "valve_open": true,
      "station_state": 64
    }
  },
  {
    "model": "water.valvestate",
    "pk": 129,
    "fields": {
      "valve": 1,
      "valve_open": true,
      "station_state": 65
    }
  },
  {
    "model": "water.valvestate",
    "pk": 130,
    "fields": {
      "valve": 2,
      "valve_open": true,
      "station_state": 65
    }
  },
  {
    "model": "water.valvestate",
    "pk": 131,
    "fields": {
      "valve": 1,
      "valve_open": true,
      "station_state": 66
    }
  },
  {
    "model": "water.valvestate",
    "pk": 132,
    "fields": {
      "valve": 2,
      "valve_open": true,
      "station_state": 66
    }
  },
  {
    "model": "water.valvestate",
    "pk": 133,
    "fields": {
      "valve": 1,
      "valve_open": true,
      "station_state": 67
    }
  },
  {
    "model": "water.valvestate",
    "pk": 134,
    "fields": {
      "valve": 2,
      "valve_open": true,
      "station_state": 67
    }
  },
  {
    "model": "water.valvestate",
    "pk": 135,
    "fields": {
      "valve": 1,
      "valve_open": true,
      "station_state": 68
    }
  },
  {
    "model": "water.valvestate",
    "pk": 136,
    "fields": {
      "valve": 2,
      "valve_open": true,
      "station_state": 68
    }
  },
  {
    "model": "water.valvestate",
    "pk": 137,
    "fields": {
      "valve": 1,
      "valve_open": true,
      "station_state": 69
    }
  },
  {
    "model": "water.valvestate",
    "pk": 138,
    "fields": {
      "valve": 2,
      "valve_open": true,
      "station_state": 69
    }
  },
  {
    "model": "water.valvestate",
    "pk": 139,
    "fields": {
      "valve": 1,
      "valve_open": true,
      "station_state": 70
    }
  },
  {
    "model": "water.valvestate",
    "pk": 140,
    "fields": {
      "valve": 2,
      "valve_open": true,
      "station_state": 70
    }
  },
  {
    "model": "water.valvestate",
    "pk": 141,
    "fields": {
      "valve": 1,
      "valve_open": true,
      "station_state": 71
    }
  },
  {
    "model": "water.valvestate",
    "pk": 142,
    "fields": {
      "valve": 2,
      "valve_open": true,
      "station_state": 71
    }
  },
  {
    "model": "water.valvestate",
    "pk": 143,
    "fields": {
      "valve": 1,
      "valve_open": true,
      "station_state": 72
    }
  },
  {
    "model": "water.valvestate",
    "pk": 144,
    "fields": {
      "valve": 2,
      "valve_open": true,
      "station_state": 72
    }
  },
  {
    "model": "water.valvestate",
    "pk": 145,
    "fields": {
      "valve": 1,
      "valve_open": true,
      "station_state": 73
    }
  },
  {
    "model": "water.valvestate",
    "pk": 146,
    "fields": {
      "valve": 2,
      "valve_open": true,
      "station_state": 73
    }
  },
  {
    "model": "water.valvestate",
    "pk": 147,
    "fields": {
      "valve": 1,
      "valve_open": true,
      "station_state": 74
    }
  },
  {
    "model": "water.valvestate",
    "pk": 148,
    "fields": {
      "valve": 2,
      "valve_open": true,
      "station_state": 74
    }
  },
  {
    "model": "water.valvestate",
    "pk": 149,
    "fields": {
      "valve": 1,
      "valve_open": true,
      "station_state": 75
    }
  },
  {
    "model": "water.valvestate",
    "pk": 150,
    "fields": {
      "valve": 2,
      "valve_open": true,
      "station_state": 75
    }
  },
  {
    "model": "water.valvestate",
    "pk": 151,
    "fields": {
      "valve": 1,
      "valve_open": true,
      "station_state": 76
    }
  },
  {
    "model": "water.valvestate",
    "pk": 152,
    "fields": {
      "valve": 2,
      "valve_open": true,
      "station_state": 76
    }
  },
  {
    "model": "water.valvestate",
    "pk": 153,
    "fields": {
      "valve": 1,
      "valve_open": true,
      "station_state": 77
    }
  },
  {
    "model": "water.valvestate",
    "pk": 154,
    "fields": {
      "valve": 2,
      "valve_open": true,
      "station_state": 77
    }
  },
  {
    "model": "water.valvestate",
    "pk": 155,
    "fields": {
      "valve": 1,
      "valve_open": true,
      "station_state": 78
    }
  },
  {
    "model": "water.valvestate",
    "pk": 156,
    "fields": {
      "valve": 2,
      "valve_open": true,
      "station_state": 78
    }
  },
  {
    "model": "water.valvestate",
    "pk": 157,
    "fields": {
      "valve": 1,
      "valve_open": true,
      "station_state": 79
    }
  },
  {
    "model": "water.valvestate",
    "pk": 158,
    "fields": {
      "valve": 2,
      "valve_open": true,
      "station_state": 79
    }
  },
  {
    "model": "water.valvestate",
    "pk": 159,
    "fields": {
      "valve": 1,
      "valve_open": true,
      "station_state": 80
    }
  },
  {
    "model": "water.valvestate",
    "pk": 160,
    "fields": {
      "valve": 2,
      "valve_open": true,
      "station_state": 80
    }
  },
  {
    "model": "water.valvestate",
    "pk": 161,
    "fields": {
      "valve": 1,
      "valve_open": true,
      "station_state": 81
    }
  },
  {
    "model": "water.valvestate",
    "pk": 162,
    "fields": {
      "valve": 2,
      "valve_open": true,
      "station_state": 81
    }
  },
  {
    "model": "water.valvestate",
    "pk": 163,
    "fields": {
      "valve": 1,
      "valve_open": true,
      "station_state": 82
    }
  },
  {
    "model": "water.valvestate",
    "pk": 164,
    "fields": {
      "valve": 2,
      "valve_open": true,
      "station_state": 82
    }
  },
  {
    "model": "water.valvestate",
    "pk": 165,
    "fields": {
      "valve": 1,
      "valve_open": true,
      "station_state": 83
    }
  },
  {
    "model": "water.valvestate",
    "pk": 166,
    "fields": {
      "valve": 2,
      "valve_open": true,
      "station_state": 83
    }
  },
  {
    "model": "water.valvestate",
    "pk": 167,
    "fields": {
      "valve": 1,
      "valve_open": true,
      "station_state": 84
    }
  },
  {
    "model": "water.valvestate",
    "pk": 168,
    "fields": {
      "valve": 2,
      "valve_open": true,
      "station_state": 84
    }
  },
  {
    "model": "water.valvestate",
    "pk": 169,
    "fields": {
      "valve": 1,
      "valve_open": true,
      "station_state": 85
    }
  },
  {
    "model": "water.valvestate",
    "pk": 170,
    "fields": {
      "valve": 2,
      "valve_open": true,
      "station_state": 85
    }
  },
  {
    "model": "water.valvestate",
    "pk": 171,
    "fields": {
      "valve": 1,
      "valve_open": true,
      "station_state": 86
    }
  },
  {
    "model": "water.valvestate",
    "pk": 172,
    "fields": {
      "valve": 2,
      "valve_open": true,
      "station_state": 86
    }
  },
  {
    "model": "water.valvestate",
    "pk": 173,
    "fields": {
      "valve": 1,
      "valve_open": true,
      "station_state": 87
    }
  },
  {
    "model": "water.valvestate",
    "pk": 174,
    "fields": {
      "valve": 2,
      "valve_open": true,
      "station_state": 87
    }
  },
  {
    "model": "water.pump",
    "pk": 1,
    "fields": {
      "station": 1,
      "pump_id": 1
    }
  },
  {
    "model": "water.pump",
    "pk": 2,
    "fields": {
      "station": 1,
      "pump_id": 2
    }
  },
  {
    "model": "water.pump",
    "pk": 3,
    "fields": {
      "station": 1,
      "pump_id": 3
    }
  },
  {
    "model": "water.pump",
    "pk": 4,
    "fields": {
      "station": 1,
      "pump_id": 4
    }
  },
  {
    "model": "water.pumpstate",
    "pk": 1,
    "fields": {
      "pump": 1,
      "pump_state": true,
      "station_state": 1
    }
  },
  {
    "model": "water.pumpstate",
    "pk": 2,
    "fields": {
      "pump": 2,
      "pump_state": false,
      "station_state": 1
    }
  },
  {
    "model": "water.pumpstate",
    "pk": 3,
    "fields": {
      "pump": 1,
      "pump_state": true,
      "station_state": 2
    }
  },
  {
    "model": "water.pumpstate",
    "pk": 4,
    "fields": {
      "pump": 2,
      "pump_state": false,
      "station_state": 2
    }
  },
  {
    "model": "water.pumpstate",
    "pk": 5,
    "fields": {
      "pump": 1,
      "pump_state": true,
      "station_state": 3
    }
  },
  {
    "model": "water.pumpstate",
    "pk": 6,
    "fields": {
      "pump": 2,
      "pump_state": false,
      "station_state": 3
    }
  },
  {
    "model": "water.pumpstate",
    "pk": 7,
    "fields": {
      "pump": 1,
      "pump_state": true,
      "station_state": 4
    }
  },
  {
    "model": "water.pumpstate",
    "pk": 8,
    "fields": {
      "pump": 2,
      "pump_state": false,
      "station_state": 4
    }
  },
  {
    "model": "water.pumpstate",
    "pk": 9,
    "fields": {
      "pump": 1,
      "pump_state": true,
      "station_state": 5
    }
  },
  {
    "model": "water.pumpstate",
    "pk": 10,
    "fields": {
      "pump": 2,
      "pump_state": false,
      "station_state": 5
    }
  },
  {
    "model": "water.pumpstate",
    "pk": 11,
    "fields": {
      "pump": 1,
      "pump_state": true,
      "station_state": 6
    }
  },
  {
    "model": "water.pumpstate",
    "pk": 12,
    "fields": {
      "pump": 2,
      "pump_state": false,
      "station_state": 6
    }
  },
  {
    "model": "water.pumpstate",
    "pk": 13,
    "fields": {
      "pump": 1,
      "pump_state": true,
      "station_state": 7
    }
  },
  {
    "model": "water.pumpstate",
    "pk": 14,
    "fields": {
      "pump": 2,
      "pump_state": false,
      "station_state": 7
    }
  },
  {
    "model": "water.pumpstate",
    "pk": 15,
    "fields": {
      "pump": 1,
      "pump_state": true,
      "station_state": 8
    }
  },
  {
    "model": "water.pumpstate",
    "pk": 16,
    "fields": {
      "pump": 2,
      "pump_state": false,
      "station_state": 8
    }
  },
  {
    "model": "water.pumpstate",
    "pk": 17,
    "fields": {
      "pump": 1,
      "pump_state": true,
      "station_state": 9
    }
  },
  {
    "model": "water.pumpstate",
    "pk": 18,
    "fields": {
      "pump": 2,
      "pump_state": false,
      "station_state": 9
    }
  },
  {
    "model": "water.pumpstate",
    "pk": 19,
    "fields": {
      "pump": 1,
      "pump_state": true,
      "station_state": 10
    }
  },
  {
    "model": "water.pumpstate",
    "pk": 20,
    "fields": {
      "pump": 2,
      "pump_state": false,
      "station_state": 10
    }
  },
  {
    "model": "water.pumpstate",
    "pk": 21,
    "fields": {
      "pump": 1,
      "pump_state": true,
      "station_state": 11
    }
  },
  {
    "model": "water.pumpstate",
    "pk": 22,
    "fields": {
      "pump": 2,
      "pump_state": false,
      "station_state": 11
    }
  },
  {
    "model": "water.pumpstate",
    "pk": 23,
    "fields": {
      "pump": 1,
      "pump_state": true,
      "station_state": 12
    }
  },
  {
    "model": "water.pumpstate",
    "pk": 24,
    "fields": {
      "pump": 2,
      "pump_state": false,
      "station_state": 12
    }
  },
  {
    "model": "water.pumpstate",
    "pk": 25,
    "fields": {
      "pump": 1,
      "pump_state": true,
      "station_state": 13
    }
  },
  {
    "model": "water.pumpstate",
    "pk": 26,
    "fields": {
      "pump": 2,
      "pump_state": false,
      "station_state": 13
    }
  },
  {
    "model": "water.pumpstate",
    "pk": 27,
    "fields": {
      "pump": 1,
      "pump_state": true,
      "station_state": 14
    }
  },
  {
    "model": "water.pumpstate",
    "pk": 28,
    "fields": {
      "pump": 2,
      "pump_state": false,
      "station_state": 14
    }
  },
  {
    "model": "water.pumpstate",
    "pk": 29,
    "fields": {
      "pump": 1,
      "pump_state": true,
      "station_state": 15
    }
  },
  {
    "model": "water.pumpstate",
    "pk": 30,
    "fields": {
      "pump": 2,
      "pump_state": false,
      "station_state": 15
    }
  },
  {
    "model": "water.pumpstate",
    "pk": 31,
    "fields": {
      "pump": 1,
      "pump_state": true,
      "station_state": 16
    }
  },
  {
    "model": "water.pumpstate",
    "pk": 32,
    "fields": {
      "pump": 2,
      "pump_state": false,
      "station_state": 16
    }
  },
  {
    "model": "water.pumpstate",
    "pk": 33,
    "fields": {
      "pump": 1,
      "pump_state": true,
      "station_state": 17
    }
  },
  {
    "model": "water.pumpstate",
    "pk": 34,
    "fields": {
      "pump": 2,
      "pump_state": false,
      "station_state": 17
    }
  },
  {
    "model": "water.pumpstate",
    "pk": 35,
    "fields": {
      "pump": 1,
      "pump_state": true,
      "station_state": 18
    }
  },
  {
    "model": "water.pumpstate",
    "pk": 36,
    "fields": {
      "pump": 2,
      "pump_state": false,
      "station_state": 18
    }
  },
  {
    "model": "water.pumpstate",
    "pk": 37,
    "fields": {
      "pump": 1,
      "pump_state": true,
      "station_state": 19
    }
  },
  {
    "model": "water.pumpstate",
    "pk": 38,
    "fields": {
      "pump": 2,
      "pump_state": false,
      "station_state": 19
    }
  },
  {
    "model": "water.pumpstate",
    "pk": 39,
    "fields": {
      "pump": 1,
      "pump_state": true,
      "station_state": 20
    }
  },
  {
    "model": "water.pumpstate",
    "pk": 40,
    "fields": {
      "pump": 2,
      "pump_state": false,
      "station_state": 20
    }
  },
  {
    "model": "water.pumpstate",
    "pk": 41,
    "fields": {
      "pump": 1,
      "pump_state": true,
      "station_state": 21
    }
  },
  {
    "model": "water.pumpstate",
    "pk": 42,
    "fields": {
      "pump": 2,
      "pump_state": false,
      "station_state": 21
    }
  },
  {
    "model": "water.pumpstate",
    "pk": 43,
    "fields": {
      "pump": 1,
      "pump_state": true,
      "station_state": 22
    }
  },
  {
    "model": "water.pumpstate",
    "pk": 44,
    "fields": {
      "pump": 2,
      "pump_state": false,
      "station_state": 22
    }
  },
  {
    "model": "water.pumpstate",
    "pk": 45,
    "fields": {
      "pump": 1,
      "pump_state": true,
      "station_state": 23
    }
  },
  {
    "model": "water.pumpstate",
    "pk": 46,
    "fields": {
      "pump": 2,
      "pump_state": false,
      "station_state": 23
    }
  },
  {
    "model": "water.pumpstate",
    "pk": 47,
    "fields": {
      "pump": 1,
      "pump_state": true,
      "station_state": 24
    }
  },
  {
    "model": "water.pumpstate",
    "pk": 48,
    "fields": {
      "pump": 2,
      "pump_state": false,
      "station_state": 24
    }
  },
  {
    "model": "water.pumpstate",
    "pk": 49,
    "fields": {
      "pump": 1,
      "pump_state": true,
      "station_state": 25
    }
  },
  {
    "model": "water.pumpstate",
    "pk": 50,
    "fields": {
      "pump": 2,
      "pump_state": false,
      "station_state": 25
    }
  },
  {
    "model": "water.pumpstate",
    "pk": 51,
    "fields": {
      "pump": 1,
      "pump_state": true,
      "station_state": 26
    }
  },
  {
    "model": "water.pumpstate",
    "pk": 52,
    "fields": {
      "pump": 2,
      "pump_state": false,
      "station_state": 26
    }
  },
  {
    "model": "water.pumpstate",
    "pk": 53,
    "fields": {
      "pump": 1,
      "pump_state": true,
      "station_state": 27
    }
  },
  {
    "model": "water.pumpstate",
    "pk": 54,
    "fields": {
      "pump": 2,
      "pump_state": false,
      "station_state": 27
    }
  },
  {
    "model": "water.pumpstate",
    "pk": 55,
    "fields": {
      "pump": 1,
      "pump_state": true,
      "station_state": 28
    }
  },
  {
    "model": "water.pumpstate",
    "pk": 56,
    "fields": {
      "pump": 2,
      "pump_state": false,
      "station_state": 28
    }
  },
  {
    "model": "water.pumpstate",
    "pk": 57,
    "fields": {
      "pump": 1,
      "pump_state": true,
      "station_state": 29
    }
  },
  {
    "model": "water.pumpstate",
    "pk": 58,
    "fields": {
      "pump": 2,
      "pump_state": false,
      "station_state": 29
    }
  },
  {
    "model": "water.pumpstate",
    "pk": 59,
    "fields": {
      "pump": 1,
      "pump_state": true,
      "station_state": 30
    }
  },
  {
    "model": "water.pumpstate",
    "pk": 60,
    "fields": {
      "pump": 2,
      "pump_state": false,
      "station_state": 30
    }
  },
  {
    "model": "water.pumpstate",
    "pk": 61,
    "fields": {
      "pump": 1,
      "pump_state": true,
      "station_state": 31
    }
  },
  {
    "model": "water.pumpstate",
    "pk": 62,
    "fields": {
      "pump": 2,
      "pump_state": false,
      "station_state": 31
    }
  },
  {
    "model": "water.pumpstate",
    "pk": 63,
    "fields": {
      "pump": 1,
      "pump_state": true,
      "station_state": 32
    }
  },
  {
    "model": "water.pumpstate",
    "pk": 64,
    "fields": {
      "pump": 2,
      "pump_state": false,
      "station_state": 32
    }
  },
  {
    "model": "water.pumpstate",
    "pk": 65,
    "fields": {
      "pump": 1,
      "pump_state": true,
      "station_state": 33
    }
  },
  {
    "model": "water.pumpstate",
    "pk": 66,
    "fields": {
      "pump": 2,
      "pump_state": false,
      "station_state": 33
    }
  },
  {
    "model": "water.pumpstate",
    "pk": 67,
    "fields": {
      "pump": 1,
      "pump_state": true,
      "station_state": 34
    }
  },
  {
    "model": "water.pumpstate",
    "pk": 68,
    "fields": {
      "pump": 2,
      "pump_state": false,
      "station_state": 34
    }
  },
  {
    "model": "water.pumpstate",
    "pk": 69,
    "fields": {
      "pump": 1,
      "pump_state": true,
      "station_state": 35
    }
  },
  {
    "model": "water.pumpstate",
    "pk": 70,
    "fields": {
      "pump": 2,
      "pump_state": false,
      "station_state": 35
    }
  },
  {
    "model": "water.pumpstate",
    "pk": 71,
    "fields": {
      "pump": 1,
      "pump_state": true,
      "station_state": 36
    }
  },
  {
    "model": "water.pumpstate",
    "pk": 72,
    "fields": {
      "pump": 2,
      "pump_state": false,
      "station_state": 36
    }
  },
  {
    "model": "water.pumpstate",
    "pk": 73,
    "fields": {
      "pump": 1,
      "pump_state": true,
      "station_state": 37
    }
  },
  {
    "model": "water.pumpstate",
    "pk": 74,
    "fields": {
      "pump": 2,
      "pump_state": false,
      "station_state": 37
    }
  },
  {
    "model": "water.pumpstate",
    "pk": 75,
    "fields": {
      "pump": 1,
      "pump_state": true,
      "station_state": 38
    }
  },
  {
    "model": "water.pumpstate",
    "pk": 76,
    "fields": {
      "pump": 2,
      "pump_state": false,
      "station_state": 38
    }
  },
  {
    "model": "water.pumpstate",
    "pk": 77,
    "fields": {
      "pump": 1,
      "pump_state": true,
      "station_state": 39
    }
  },
  {
    "model": "water.pumpstate",
    "pk": 78,
    "fields": {
      "pump": 2,
      "pump_state": false,
      "station_state": 39
    }
  },
  {
    "model": "water.pumpstate",
    "pk": 79,
    "fields": {
      "pump": 1,
      "pump_state": true,
      "station_state": 40
    }
  },
  {
    "model": "water.pumpstate",
    "pk": 80,
    "fields": {
      "pump": 2,
      "pump_state": false,
      "station_state": 40
    }
  },
  {
    "model": "water.pumpstate",
    "pk": 81,
    "fields": {
      "pump": 1,
      "pump_state": true,
      "station_state": 41
    }
  },
  {
    "model": "water.pumpstate",
    "pk": 82,
    "fields": {
      "pump": 2,
      "pump_state": false,
      "station_state": 41
    }
  },
  {
    "model": "water.pumpstate",
    "pk": 83,
    "fields": {
      "pump": 1,
      "pump_state": true,
      "station_state": 42
    }
  },
  {
    "model": "water.pumpstate",
    "pk": 84,
    "fields": {
      "pump": 2,
      "pump_state": false,
      "station_state": 42
    }
  },
  {
    "model": "water.pumpstate",
    "pk": 85,
    "fields": {
      "pump": 1,
      "pump_state": true,
      "station_state": 43
    }
  },
  {
    "model": "water.pumpstate",
    "pk": 86,
    "fields": {
      "pump": 2,
      "pump_state": false,
      "station_state": 43
    }
  },
  {
    "model": "water.pumpstate",
    "pk": 87,
    "fields": {
      "pump": 1,
      "pump_state": true,
      "station_state": 44
    }
  },
  {
    "model": "water.pumpstate",
    "pk": 88,
    "fields": {
      "pump": 2,
      "pump_state": false,
      "station_state": 44
    }
  },
  {
    "model": "water.pumpstate",
    "pk": 89,
    "fields": {
      "pump": 1,
      "pump_state": true,
      "station_state": 45
    }
  },
  {
    "model": "water.pumpstate",
    "pk": 90,
    "fields": {
      "pump": 2,
      "pump_state": false,
      "station_state": 45
    }
  },
  {
    "model": "water.pumpstate",
    "pk": 91,
    "fields": {
      "pump": 1,
      "pump_state": true,
      "station_state": 46
    }
  },
  {
    "model": "water.pumpstate",
    "pk": 92,
    "fields": {
      "pump": 2,
      "pump_state": false,
      "station_state": 46
    }
  },
  {
    "model": "water.pumpstate",
    "pk": 93,
    "fields": {
      "pump": 1,
      "pump_state": true,
      "station_state": 47
    }
  },
  {
    "model": "water.pumpstate",
    "pk": 94,
    "fields": {
      "pump": 2,
      "pump_state": false,
      "station_state": 47
    }
  },
  {
    "model": "water.pumpstate",
    "pk": 95,
    "fields": {
      "pump": 1,
      "pump_state": true,
      "station_state": 48
    }
  },
  {
    "model": "water.pumpstate",
    "pk": 96,
    "fields": {
      "pump": 2,
      "pump_state": false,
      "station_state": 48
    }
  },
  {
    "model": "water.pumpstate",
    "pk": 97,
    "fields": {
      "pump": 1,
      "pump_state": true,
      "station_state": 49
    }
  },
  {
    "model": "water.pumpstate",
    "pk": 98,
    "fields": {
      "pump": 2,
      "pump_state": false,
      "station_state": 49
    }
  },
  {
    "model": "water.pumpstate",
    "pk": 99,
    "fields": {
      "pump": 1,
      "pump_state": true,
      "station_state": 50
    }
  },
  {
    "model": "water.pumpstate",
    "pk": 100,
    "fields": {
      "pump": 2,
      "pump_state": false,
      "station_state": 50
    }
  },
  {
    "model": "water.pumpstate",
    "pk": 101,
    "fields": {
      "pump": 1,
      "pump_state": true,
      "station_state": 51
    }
  },
  {
    "model": "water.pumpstate",
    "pk": 102,
    "fields": {
      "pump": 2,
      "pump_state": false,
      "station_state": 51
    }
  },
  {
    "model": "water.pumpstate",
    "pk": 103,
    "fields": {
      "pump": 1,
      "pump_state": true,
      "station_state": 52
    }
  },
  {
    "model": "water.pumpstate",
    "pk": 104,
    "fields": {
      "pump": 2,
      "pump_state": false,
      "station_state": 52
    }
  },
  {
    "model": "water.pumpstate",
    "pk": 105,
    "fields": {
      "pump": 1,
      "pump_state": true,
      "station_state": 53
    }
  },
  {
    "model": "water.pumpstate",
    "pk": 106,
    "fields": {
      "pump": 2,
      "pump_state": false,
      "station_state": 53
    }
  },
  {
    "model": "water.pumpstate",
    "pk": 107,
    "fields": {
      "pump": 1,
      "pump_state": true,
      "station_state": 54
    }
  },
  {
    "model": "water.pumpstate",
    "pk": 108,
    "fields": {
      "pump": 2,
      "pump_state": false,
      "station_state": 54
    }
  },
  {
    "model": "water.pumpstate",
    "pk": 109,
    "fields": {
      "pump": 1,
      "pump_state": true,
      "station_state": 55
    }
  },
  {
    "model": "water.pumpstate",
    "pk": 110,
    "fields": {
      "pump": 2,
      "pump_state": false,
      "station_state": 55
    }
  },
  {
    "model": "water.pumpstate",
    "pk": 111,
    "fields": {
      "pump": 1,
      "pump_state": true,
      "station_state": 56
    }
  },
  {
    "model": "water.pumpstate",
    "pk": 112,
    "fields": {
      "pump": 2,
      "pump_state": false,
      "station_state": 56
    }
  },
  {
    "model": "water.pumpstate",
    "pk": 113,
    "fields": {
      "pump": 1,
      "pump_state": true,
      "station_state": 57
    }
  },
  {
    "model": "water.pumpstate",
    "pk": 114,
    "fields": {
      "pump": 2,
      "pump_state": false,
      "station_state": 57
    }
  },
  {
    "model": "water.pumpstate",
    "pk": 115,
    "fields": {
      "pump": 1,
      "pump_state": true,
      "station_state": 58
    }
  },
  {
    "model": "water.pumpstate",
    "pk": 116,
    "fields": {
      "pump": 2,
      "pump_state": false,
      "station_state": 58
    }
  },
  {
    "model": "water.pumpstate",
    "pk": 117,
    "fields": {
      "pump": 1,
      "pump_state": true,
      "station_state": 59
    }
  },
  {
    "model": "water.pumpstate",
    "pk": 118,
    "fields": {
      "pump": 2,
      "pump_state": false,
      "station_state": 59
    }
  },
  {
    "model": "water.pumpstate",
    "pk": 119,
    "fields": {
      "pump": 1,
      "pump_state": true,
      "station_state": 60
    }
  },
  {
    "model": "water.pumpstate",
    "pk": 120,
    "fields": {
      "pump": 2,
      "pump_state": false,
      "station_state": 60
    }
  },
  {
    "model": "water.pumpstate",
    "pk": 121,
    "fields": {
      "pump": 1,
      "pump_state": true,
      "station_state": 61
    }
  },
  {
    "model": "water.pumpstate",
    "pk": 122,
    "fields": {
      "pump": 2,
      "pump_state": false,
      "station_state": 61
    }
  },
  {
    "model": "water.pumpstate",
    "pk": 123,
    "fields": {
      "pump": 1,
      "pump_state": true,
      "station_state": 62
    }
  },
  {
    "model": "water.pumpstate",
    "pk": 124,
    "fields": {
      "pump": 2,
      "pump_state": false,
      "station_state": 62
    }
  },
  {
    "model": "water.pumpstate",
    "pk": 125,
    "fields": {
      "pump": 1,
      "pump_state": true,
      "station_state": 63
    }
  },
  {
    "model": "water.pumpstate",
    "pk": 126,
    "fields": {
      "pump": 2,
      "pump_state": false,
      "station_state": 63
    }
  },
  {
    "model": "water.pumpstate",
    "pk": 127,
    "fields": {
      "pump": 1,
      "pump_state": true,
      "station_state": 64
    }
  },
  {
    "model": "water.pumpstate",
    "pk": 128,
    "fields": {
      "pump": 2,
      "pump_state": false,
      "station_state": 64
    }
  },
  {
    "model": "water.pumpstate",
    "pk": 129,
    "fields": {
      "pump": 1,
      "pump_state": true,
      "station_state": 65
    }
  },
  {
    "model": "water.pumpstate",
    "pk": 130,
    "fields": {
      "pump": 2,
      "pump_state": false,
      "station_state": 65
    }
  },
  {
    "model": "water.pumpstate",
    "pk": 131,
    "fields": {
      "pump": 1,
      "pump_state": true,
      "station_state": 66
    }
  },
  {
    "model": "water.pumpstate",
    "pk": 132,
    "fields": {
      "pump": 2,
      "pump_state": false,
      "station_state": 66
    }
  },
  {
    "model": "water.pumpstate",
    "pk": 133,
    "fields": {
      "pump": 1,
      "pump_state": true,
      "station_state": 67
    }
  },
  {
    "model": "water.pumpstate",
    "pk": 134,
    "fields": {
      "pump": 2,
      "pump_state": false,
      "station_state": 67
    }
  },
  {
    "model": "water.pumpstate",
    "pk": 135,
    "fields": {
      "pump": 1,
      "pump_state": true,
      "station_state": 68
    }
  },
  {
    "model": "water.pumpstate",
    "pk": 136,
    "fields": {
      "pump": 2,
      "pump_state": false,
      "station_state": 68
    }
  },
  {
    "model": "water.pumpstate",
    "pk": 137,
    "fields": {
      "pump": 1,
      "pump_state": true,
      "station_state": 69
    }
  },
  {
    "model": "water.pumpstate",
    "pk": 138,
    "fields": {
      "pump": 2,
      "pump_state": false,
      "station_state": 69
    }
  },
  {
    "model": "water.pumpstate",
    "pk": 139,
    "fields": {
      "pump": 1,
      "pump_state": true,
      "station_state": 70
    }
  },
  {
    "model": "water.pumpstate",
    "pk": 140,
    "fields": {
      "pump": 2,
      "pump_state": false,
      "station_state": 70
    }
  },
  {
    "model": "water.pumpstate",
    "pk": 141,
    "fields": {
      "pump": 1,
      "pump_state": true,
      "station_state": 71
    }
  },
  {
    "model": "water.pumpstate",
    "pk": 142,
    "fields": {
      "pump": 2,
      "pump_state": false,
      "station_state": 71
    }
  },
  {
    "model": "water.pumpstate",
    "pk": 143,
    "fields": {
      "pump": 1,
      "pump_state": true,
      "station_state": 72
    }
  },
  {
    "model": "water.pumpstate",
    "pk": 144,
    "fields": {
      "pump": 2,
      "pump_state": false,
      "station_state": 72
    }
  },
  {
    "model": "water.pumpstate",
    "pk": 145,
    "fields": {
      "pump": 1,
      "pump_state": true,
      "station_state": 73
    }
  },
  {
    "model": "water.pumpstate",
    "pk": 146,
    "fields": {
      "pump": 2,
      "pump_state": false,
      "station_state": 73
    }
  },
  {
    "model": "water.pumpstate",
    "pk": 147,
    "fields": {
      "pump": 1,
      "pump_state": true,
      "station_state": 74
    }
  },
  {
    "model": "water.pumpstate",
    "pk": 148,
    "fields": {
      "pump": 2,
      "pump_state": false,
      "station_state": 74
    }
  },
  {
    "model": "water.pumpstate",
    "pk": 149,
    "fields": {
      "pump": 1,
      "pump_state": true,
      "station_state": 75
    }
  },
  {
    "model": "water.pumpstate",
    "pk": 150,
    "fields": {
      "pump": 2,
      "pump_state": false,
      "station_state": 75
    }
  },
  {
    "model": "water.pumpstate",
    "pk": 151,
    "fields": {
      "pump": 1,
      "pump_state": true,
      "station_state": 76
    }
  },
  {
    "model": "water.pumpstate",
    "pk": 152,
    "fields": {
      "pump": 2,
      "pump_state": false,
      "station_state": 76
    }
  },
  {
    "model": "water.pumpstate",
    "pk": 153,
    "fields": {
      "pump": 1,
      "pump_state": true,
      "station_state": 77
    }
  },
  {
    "model": "water.pumpstate",
    "pk": 154,
    "fields": {
      "pump": 2,
      "pump_state": false,
      "station_state": 77
    }
  },
  {
    "model": "water.pumpstate",
    "pk": 155,
    "fields": {
      "pump": 1,
      "pump_state": true,
      "station_state": 78
    }
  },
  {
    "model": "water.pumpstate",
    "pk": 156,
    "fields": {
      "pump": 2,
      "pump_state": false,
      "station_state": 78
    }
  },
  {
    "model": "water.pumpstate",
    "pk": 157,
    "fields": {
      "pump": 1,
      "pump_state": true,
      "station_state": 79
    }
  },
  {
    "model": "water.pumpstate",
    "pk": 158,
    "fields": {
      "pump": 2,
      "pump_state": false,
      "station_state": 79
    }
  },
  {
    "model": "water.pumpstate",
    "pk": 159,
    "fields": {
      "pump": 1,
      "pump_state": true,
      "station_state": 80
    }
  },
  {
    "model": "water.pumpstate",
    "pk": 160,
    "fields": {
      "pump": 2,
      "pump_state": false,
      "station_state": 80
    }
  },
  {
    "model": "water.pumpstate",
    "pk": 161,
    "fields": {
      "pump": 1,
      "pump_state": true,
      "station_state": 81
    }
  },
  {
    "model": "water.pumpstate",
    "pk": 162,
    "fields": {
      "pump": 2,
      "pump_state": false,
      "station_state": 81
    }
  },
  {
    "model": "water.pumpstate",
    "pk": 163,
    "fields": {
      "pump": 1,
      "pump_state": true,
      "station_state": 82
    }
  },
  {
    "model": "water.pumpstate",
    "pk": 164,
    "fields": {
      "pump": 2,
      "pump_state": false,
      "station_state": 82
    }
  },
  {
    "model": "water.pumpstate",
    "pk": 165,
    "fields": {
      "pump": 1,
      "pump_state": true,
      "station_state": 83
    }
  },
  {
    "model": "water.pumpstate",
    "pk": 166,
    "fields": {
      "pump": 2,
      "pump_state": false,
      "station_state": 83
    }
  },
  {
    "model": "water.pumpstate",
    "pk": 167,
    "fields": {
      "pump": 1,
      "pump_state": true,
      "station_state": 84
    }
  },
  {
    "model": "water.pumpstate",
    "pk": 168,
    "fields": {
      "pump": 2,
      "pump_state": false,
      "station_state": 84
    }
  },
  {
    "model": "water.pumpstate",
    "pk": 169,
    "fields": {
      "pump": 1,
      "pump_state": true,
      "station_state": 85
    }
  },
  {
    "model": "water.pumpstate",
    "pk": 170,
    "fields": {
      "pump": 2,
      "pump_state": false,
      "station_state": 85
    }
  },
  {
    "model": "water.pumpstate",
    "pk": 171,
    "fields": {
      "pump": 1,
      "pump_state": true,
      "station_state": 86
    }
  },
  {
    "model": "water.pumpstate",
    "pk": 172,
    "fields": {
      "pump": 2,
      "pump_state": false,
      "station_state": 86
    }
  },
  {
    "model": "water.pumpstate",
    "pk": 173,
    "fields": {
      "pump": 1,
      "pump_state": true,
      "station_state": 87
    }
  },
  {
    "model": "water.pumpstate",
    "pk": 174,
    "fields": {
      "pump": 2,
      "pump_state": false,
      "station_state": 87
    }
  }
]